generate-gifs	Set up job	﻿2026-05-09T13:37:38.9244679Z Current runner version: '2.334.0'
generate-gifs	Set up job	2026-05-09T13:37:38.9281784Z ##[group]Runner Image Provisioner
generate-gifs	Set up job	2026-05-09T13:37:38.9283297Z Hosted Compute Agent
generate-gifs	Set up job	2026-05-09T13:37:38.9284477Z Version: 20260213.493
generate-gifs	Set up job	2026-05-09T13:37:38.9285650Z Commit: 5c115507f6dd24b8de37d8bbe0bb4509d0cc0fa3
generate-gifs	Set up job	2026-05-09T13:37:38.9287522Z Build Date: 2026-02-13T00:28:41Z
generate-gifs	Set up job	2026-05-09T13:37:38.9288921Z Worker ID: ***c1f9d4da-ba92-4d92-954e-17cbf4d576a0***
generate-gifs	Set up job	2026-05-09T13:37:38.9290361Z Azure Region: centralus
generate-gifs	Set up job	2026-05-09T13:37:38.9291800Z ##[endgroup]
generate-gifs	Set up job	2026-05-09T13:37:38.9294256Z ##[group]Operating System
generate-gifs	Set up job	2026-05-09T13:37:38.9295412Z Ubuntu
generate-gifs	Set up job	2026-05-09T13:37:38.9296420Z 24.04.4
generate-gifs	Set up job	2026-05-09T13:37:38.9297377Z LTS
generate-gifs	Set up job	2026-05-09T13:37:38.9298382Z ##[endgroup]
generate-gifs	Set up job	2026-05-09T13:37:38.9299374Z ##[group]Runner Image
generate-gifs	Set up job	2026-05-09T13:37:38.9300536Z Image: ubuntu-24.04
generate-gifs	Set up job	2026-05-09T13:37:38.9301732Z Version: 20260413.86.1
generate-gifs	Set up job	2026-05-09T13:37:38.9303653Z Included Software: https://github.com/actions/runner-images/blob/ubuntu24/20260413.86/images/ubuntu/Ubuntu2404-Readme.md
generate-gifs	Set up job	2026-05-09T13:37:38.9306605Z Image Release: https://github.com/actions/runner-images/releases/tag/ubuntu24%2F20260413.86
generate-gifs	Set up job	2026-05-09T13:37:38.9308273Z ##[endgroup]
generate-gifs	Set up job	2026-05-09T13:37:38.9310536Z ##[group]GITHUB_TOKEN Permissions
generate-gifs	Set up job	2026-05-09T13:37:38.9313933Z Contents: read
generate-gifs	Set up job	2026-05-09T13:37:38.9314962Z Metadata: read
generate-gifs	Set up job	2026-05-09T13:37:38.9315931Z Packages: read
generate-gifs	Set up job	2026-05-09T13:37:38.9316920Z ##[endgroup]
generate-gifs	Set up job	2026-05-09T13:37:38.9319990Z Secret source: Actions
generate-gifs	Set up job	2026-05-09T13:37:38.9321552Z Prepare workflow directory
generate-gifs	Set up job	2026-05-09T13:37:39.0169702Z Prepare all required actions
generate-gifs	Set up job	2026-05-09T13:37:39.0294467Z Getting action download info
generate-gifs	Set up job	2026-05-09T13:37:39.4060299Z Download action repository 'actions/checkout@v4' (SHA:34e114876b0b11c390a56381ad16ebd13914f8d5)
generate-gifs	Set up job	2026-05-09T13:37:39.5356775Z Download action repository 'actions/setup-node@v4' (SHA:49933ea5288caeca8642d1e84afbd3f7d6820020)
generate-gifs	Set up job	2026-05-09T13:37:39.6109252Z Download action repository 'actions/setup-python@v5' (SHA:a26af69be951a213d495a4c3e4e4022e16d87065)
generate-gifs	Set up job	2026-05-09T13:37:39.7724497Z Complete job name: generate-gifs
generate-gifs	Checkout code	﻿2026-05-09T13:37:39.8506217Z ##[group]Run actions/checkout@v4
generate-gifs	Checkout code	2026-05-09T13:37:39.8507112Z with:
generate-gifs	Checkout code	2026-05-09T13:37:39.8507694Z   repository: alerondt-hanario/hanzi-generator-actions
generate-gifs	Checkout code	2026-05-09T13:37:39.8508574Z   token: ***
generate-gifs	Checkout code	2026-05-09T13:37:39.8509034Z   ssh-strict: true
generate-gifs	Checkout code	2026-05-09T13:37:39.8509514Z   ssh-user: git
generate-gifs	Checkout code	2026-05-09T13:37:39.8510004Z   persist-credentials: true
generate-gifs	Checkout code	2026-05-09T13:37:39.8510568Z   clean: true
generate-gifs	Checkout code	2026-05-09T13:37:39.8511419Z   sparse-checkout-cone-mode: true
generate-gifs	Checkout code	2026-05-09T13:37:39.8512086Z   fetch-depth: 1
generate-gifs	Checkout code	2026-05-09T13:37:39.8512551Z   fetch-tags: false
generate-gifs	Checkout code	2026-05-09T13:37:39.8513036Z   show-progress: true
generate-gifs	Checkout code	2026-05-09T13:37:39.8513511Z   lfs: false
generate-gifs	Checkout code	2026-05-09T13:37:39.8513962Z   submodules: false
generate-gifs	Checkout code	2026-05-09T13:37:39.8514449Z   set-safe-directory: true
generate-gifs	Checkout code	2026-05-09T13:37:39.8515278Z ##[endgroup]
generate-gifs	Checkout code	2026-05-09T13:37:39.9797957Z Syncing repository: alerondt-hanario/hanzi-generator-actions
generate-gifs	Checkout code	2026-05-09T13:37:39.9811108Z ##[group]Getting Git version info
generate-gifs	Checkout code	2026-05-09T13:37:39.9871585Z Working directory is '/home/runner/work/hanzi-generator-actions/hanzi-generator-actions'
generate-gifs	Checkout code	2026-05-09T13:37:39.9874379Z [command]/usr/bin/git version
generate-gifs	Checkout code	2026-05-09T13:37:39.9875767Z git version 2.53.0
generate-gifs	Checkout code	2026-05-09T13:37:39.9879095Z ##[endgroup]
generate-gifs	Checkout code	2026-05-09T13:37:39.9886693Z Temporarily overriding HOME='/home/runner/work/_temp/b1a826ec-41ed-4604-993a-dbec454dceb5' before making global git config changes
generate-gifs	Checkout code	2026-05-09T13:37:39.9888672Z Adding repository directory to the temporary git global config as a safe directory
generate-gifs	Checkout code	2026-05-09T13:37:39.9890387Z [command]/usr/bin/git config --global --add safe.directory /home/runner/work/hanzi-generator-actions/hanzi-generator-actions
generate-gifs	Checkout code	2026-05-09T13:37:39.9893631Z Deleting the contents of '/home/runner/work/hanzi-generator-actions/hanzi-generator-actions'
generate-gifs	Checkout code	2026-05-09T13:37:39.9895468Z ##[group]Initializing the repository
generate-gifs	Checkout code	2026-05-09T13:37:39.9896582Z [command]/usr/bin/git init /home/runner/work/hanzi-generator-actions/hanzi-generator-actions
generate-gifs	Checkout code	2026-05-09T13:37:40.0698054Z hint: Using 'master' as the name for the initial branch. This default branch name
generate-gifs	Checkout code	2026-05-09T13:37:40.0708723Z hint: will change to "main" in Git 3.0. To configure the initial branch name
generate-gifs	Checkout code	2026-05-09T13:37:40.0713881Z hint: to use in all of your new repositories, which will suppress this warning,
generate-gifs	Checkout code	2026-05-09T13:37:40.0715727Z hint: call:
generate-gifs	Checkout code	2026-05-09T13:37:40.0716964Z hint:
generate-gifs	Checkout code	2026-05-09T13:37:40.0718299Z hint: 	git config --global init.defaultBranch <name>
generate-gifs	Checkout code	2026-05-09T13:37:40.0719985Z hint:
generate-gifs	Checkout code	2026-05-09T13:37:40.0721533Z hint: Names commonly chosen instead of 'master' are 'main', 'trunk' and
generate-gifs	Checkout code	2026-05-09T13:37:40.0723788Z hint: 'development'. The just-created branch can be renamed via this command:
generate-gifs	Checkout code	2026-05-09T13:37:40.0725564Z hint:
generate-gifs	Checkout code	2026-05-09T13:37:40.0726714Z hint: 	git branch -m <name>
generate-gifs	Checkout code	2026-05-09T13:37:40.0728035Z hint:
generate-gifs	Checkout code	2026-05-09T13:37:40.0729685Z hint: Disable this message with "git config set advice.defaultBranchName false"
generate-gifs	Checkout code	2026-05-09T13:37:40.0733027Z Initialized empty Git repository in /home/runner/work/hanzi-generator-actions/hanzi-generator-actions/.git/
generate-gifs	Checkout code	2026-05-09T13:37:40.0738641Z [command]/usr/bin/git remote add origin https://github.com/alerondt-hanario/hanzi-generator-actions
generate-gifs	Checkout code	2026-05-09T13:37:40.0743045Z ##[endgroup]
generate-gifs	Checkout code	2026-05-09T13:37:40.0744988Z ##[group]Disabling automatic garbage collection
generate-gifs	Checkout code	2026-05-09T13:37:40.0746608Z [command]/usr/bin/git config --local gc.auto 0
generate-gifs	Checkout code	2026-05-09T13:37:40.0749984Z ##[endgroup]
generate-gifs	Checkout code	2026-05-09T13:37:40.0751775Z ##[group]Setting up auth
generate-gifs	Checkout code	2026-05-09T13:37:40.0753376Z [command]/usr/bin/git config --local --name-only --get-regexp core\.sshCommand
generate-gifs	Checkout code	2026-05-09T13:37:40.0757702Z [command]/usr/bin/git submodule foreach --recursive sh -c "git config --local --name-only --get-regexp 'core\.sshCommand' && git config --local --unset-all 'core.sshCommand' || :"
generate-gifs	Checkout code	2026-05-09T13:37:40.0762373Z [command]/usr/bin/git config --local --name-only --get-regexp http\.https\:\/\/github\.com\/\.extraheader
generate-gifs	Checkout code	2026-05-09T13:37:40.0767265Z [command]/usr/bin/git submodule foreach --recursive sh -c "git config --local --name-only --get-regexp 'http\.https\:\/\/github\.com\/\.extraheader' && git config --local --unset-all 'http.https://github.com/.extraheader' || :"
generate-gifs	Checkout code	2026-05-09T13:37:40.0812253Z [command]/usr/bin/git config --local --name-only --get-regexp ^includeIf\.gitdir:
generate-gifs	Checkout code	2026-05-09T13:37:40.0844835Z [command]/usr/bin/git submodule foreach --recursive git config --local --show-origin --name-only --get-regexp remote.origin.url
generate-gifs	Checkout code	2026-05-09T13:37:40.1061593Z [command]/usr/bin/git config --local http.https://github.com/.extraheader AUTHORIZATION: basic ***
generate-gifs	Checkout code	2026-05-09T13:37:40.1094342Z ##[endgroup]
generate-gifs	Checkout code	2026-05-09T13:37:40.1096133Z ##[group]Fetching the repository
generate-gifs	Checkout code	2026-05-09T13:37:40.1104906Z [command]/usr/bin/git -c protocol.version=2 fetch --no-tags --prune --no-recurse-submodules --depth=1 origin +0466c8344f8207190b118ca783bcb0b345e6f2ab:refs/remotes/origin/main
generate-gifs	Checkout code	2026-05-09T13:37:40.4095820Z From https://github.com/alerondt-hanario/hanzi-generator-actions
generate-gifs	Checkout code	2026-05-09T13:37:40.4098984Z  * [new ref]         0466c8344f8207190b118ca783bcb0b345e6f2ab -> origin/main
generate-gifs	Checkout code	2026-05-09T13:37:40.4121276Z ##[endgroup]
generate-gifs	Checkout code	2026-05-09T13:37:40.4122946Z ##[group]Determining the checkout info
generate-gifs	Checkout code	2026-05-09T13:37:40.4124729Z ##[endgroup]
generate-gifs	Checkout code	2026-05-09T13:37:40.4129163Z [command]/usr/bin/git sparse-checkout disable
generate-gifs	Checkout code	2026-05-09T13:37:40.4162557Z [command]/usr/bin/git config --local --unset-all extensions.worktreeConfig
generate-gifs	Checkout code	2026-05-09T13:37:40.4186293Z ##[group]Checking out the ref
generate-gifs	Checkout code	2026-05-09T13:37:40.4190734Z [command]/usr/bin/git checkout --progress --force -B main refs/remotes/origin/main
generate-gifs	Checkout code	2026-05-09T13:37:40.4229029Z Switched to a new branch 'main'
generate-gifs	Checkout code	2026-05-09T13:37:40.4232288Z branch 'main' set up to track 'origin/main'.
generate-gifs	Checkout code	2026-05-09T13:37:40.4237708Z ##[endgroup]
generate-gifs	Checkout code	2026-05-09T13:37:40.4268069Z [command]/usr/bin/git log -1 --format=%H
generate-gifs	Checkout code	2026-05-09T13:37:40.4287832Z 0466c8344f8207190b118ca783bcb0b345e6f2ab
generate-gifs	Setup Node.js	﻿2026-05-09T13:37:40.4525907Z ##[group]Run actions/setup-node@v4
generate-gifs	Setup Node.js	2026-05-09T13:37:40.4526521Z with:
generate-gifs	Setup Node.js	2026-05-09T13:37:40.4526967Z   node-version: 18
generate-gifs	Setup Node.js	2026-05-09T13:37:40.4527445Z   cache: npm
generate-gifs	Setup Node.js	2026-05-09T13:37:40.4528025Z   always-auth: false
generate-gifs	Setup Node.js	2026-05-09T13:37:40.4528509Z   check-latest: false
generate-gifs	Setup Node.js	2026-05-09T13:37:40.4529145Z   token: ***
generate-gifs	Setup Node.js	2026-05-09T13:37:40.4529594Z ##[endgroup]
generate-gifs	Setup Node.js	2026-05-09T13:37:40.6381834Z Attempting to download 18...
generate-gifs	Setup Node.js	2026-05-09T13:37:41.2423195Z Acquiring 18.20.8 - x64 from https://github.com/actions/node-versions/releases/download/18.20.8-14110393767/node-18.20.8-linux-x64.tar.gz
generate-gifs	Setup Node.js	2026-05-09T13:37:41.8535012Z Extracting ...
generate-gifs	Setup Node.js	2026-05-09T13:37:41.8641945Z [command]/usr/bin/tar xz --strip 1 --warning=no-unknown-keyword --overwrite -C /home/runner/work/_temp/48608beb-ae7d-4ee8-a148-46ec9f6863fe -f /home/runner/work/_temp/e9d00138-1761-4b0e-949a-a3f2755b4af8
generate-gifs	Setup Node.js	2026-05-09T13:37:42.8560216Z Adding to the cache ...
generate-gifs	Setup Node.js	2026-05-09T13:37:45.7874796Z ##[group]Environment details
generate-gifs	Setup Node.js	2026-05-09T13:37:46.0676878Z node: v18.20.8
generate-gifs	Setup Node.js	2026-05-09T13:37:46.0691914Z npm: 10.8.2
generate-gifs	Setup Node.js	2026-05-09T13:37:46.0702623Z yarn: 1.22.22
generate-gifs	Setup Node.js	2026-05-09T13:37:46.0722163Z ##[endgroup]
generate-gifs	Setup Node.js	2026-05-09T13:37:46.0743049Z [command]/opt/hostedtoolcache/node/18.20.8/x64/bin/npm config get cache
generate-gifs	Setup Node.js	2026-05-09T13:37:46.1846335Z /home/runner/.npm
generate-gifs	Setup Node.js	2026-05-09T13:37:46.3443385Z npm cache is not found
generate-gifs	Install Node Dependencies	﻿2026-05-09T13:37:46.3572126Z ##[group]Run npm ci
generate-gifs	Install Node Dependencies	2026-05-09T13:37:46.3572578Z ^[[36;1mnpm ci^[[0m
generate-gifs	Install Node Dependencies	2026-05-09T13:37:46.3592325Z shell: /usr/bin/bash -e ***0***
generate-gifs	Install Node Dependencies	2026-05-09T13:37:46.3592696Z env:
generate-gifs	Install Node Dependencies	2026-05-09T13:37:46.3592965Z   PUPPETEER_SKIP_CHROMIUM_DOWNLOAD: true
generate-gifs	Install Node Dependencies	2026-05-09T13:37:46.3593283Z ##[endgroup]
generate-gifs	Install Node Dependencies	2026-05-09T13:37:48.0699034Z npm warn deprecated puppeteer@21.11.0: < 24.15.0 is no longer supported
generate-gifs	Install Node Dependencies	2026-05-09T13:42:09.5194966Z 
generate-gifs	Install Node Dependencies	2026-05-09T13:42:09.5197895Z added 108 packages, and audited 109 packages in 4m
generate-gifs	Install Node Dependencies	2026-05-09T13:42:09.5199174Z 
generate-gifs	Install Node Dependencies	2026-05-09T13:42:09.5206257Z 9 packages are looking for funding
generate-gifs	Install Node Dependencies	2026-05-09T13:42:09.5207251Z   run `npm fund` for details
generate-gifs	Install Node Dependencies	2026-05-09T13:42:09.5490168Z 
generate-gifs	Install Node Dependencies	2026-05-09T13:42:09.5491392Z 5 high severity vulnerabilities
generate-gifs	Install Node Dependencies	2026-05-09T13:42:09.5492228Z 
generate-gifs	Install Node Dependencies	2026-05-09T13:42:09.5492995Z To address all issues (including breaking changes), run:
generate-gifs	Install Node Dependencies	2026-05-09T13:42:09.5507689Z   npm audit fix --force
generate-gifs	Install Node Dependencies	2026-05-09T13:42:09.5508840Z 
generate-gifs	Install Node Dependencies	2026-05-09T13:42:09.5509481Z Run `npm audit` for details.
generate-gifs	Setup Python	﻿2026-05-09T13:42:09.5624460Z ##[group]Run actions/setup-python@v5
generate-gifs	Setup Python	2026-05-09T13:42:09.5624826Z with:
generate-gifs	Setup Python	2026-05-09T13:42:09.5625113Z   python-version: 3.11
generate-gifs	Setup Python	2026-05-09T13:42:09.5625403Z   cache: pip
generate-gifs	Setup Python	2026-05-09T13:42:09.5625647Z   check-latest: false
generate-gifs	Setup Python	2026-05-09T13:42:09.5626032Z   token: ***
generate-gifs	Setup Python	2026-05-09T13:42:09.5626295Z   update-environment: true
generate-gifs	Setup Python	2026-05-09T13:42:09.5626593Z   allow-prereleases: false
generate-gifs	Setup Python	2026-05-09T13:42:09.5626872Z   freethreaded: false
generate-gifs	Setup Python	2026-05-09T13:42:09.5627135Z ##[endgroup]
generate-gifs	Setup Python	2026-05-09T13:42:09.7328085Z ##[group]Installed versions
generate-gifs	Setup Python	2026-05-09T13:42:09.7411357Z Successfully set up CPython (3.11.15)
generate-gifs	Setup Python	2026-05-09T13:42:09.7412574Z ##[endgroup]
generate-gifs	Setup Python	2026-05-09T13:42:10.1161099Z [command]/opt/hostedtoolcache/Python/3.11.15/x64/bin/pip cache dir
generate-gifs	Setup Python	2026-05-09T13:42:10.4056128Z /home/runner/.cache/pip
generate-gifs	Setup Python	2026-05-09T13:42:10.5830596Z pip cache is not found
generate-gifs	Install Python Dependencies	﻿2026-05-09T13:42:10.5929205Z ##[group]Run pip install -r requirements.txt
generate-gifs	Install Python Dependencies	2026-05-09T13:42:10.5929635Z ^[[36;1mpip install -r requirements.txt^[[0m
generate-gifs	Install Python Dependencies	2026-05-09T13:42:10.5944868Z shell: /usr/bin/bash -e ***0***
generate-gifs	Install Python Dependencies	2026-05-09T13:42:10.5945194Z env:
generate-gifs	Install Python Dependencies	2026-05-09T13:42:10.5945513Z   pythonLocation: /opt/hostedtoolcache/Python/3.11.15/x64
generate-gifs	Install Python Dependencies	2026-05-09T13:42:10.5946000Z   PKG_CONFIG_PATH: /opt/hostedtoolcache/Python/3.11.15/x64/lib/pkgconfig
generate-gifs	Install Python Dependencies	2026-05-09T13:42:10.5946469Z   Python_ROOT_DIR: /opt/hostedtoolcache/Python/3.11.15/x64
generate-gifs	Install Python Dependencies	2026-05-09T13:42:10.5946888Z   Python2_ROOT_DIR: /opt/hostedtoolcache/Python/3.11.15/x64
generate-gifs	Install Python Dependencies	2026-05-09T13:42:10.5947308Z   Python3_ROOT_DIR: /opt/hostedtoolcache/Python/3.11.15/x64
generate-gifs	Install Python Dependencies	2026-05-09T13:42:10.5947729Z   LD_LIBRARY_PATH: /opt/hostedtoolcache/Python/3.11.15/x64/lib
generate-gifs	Install Python Dependencies	2026-05-09T13:42:10.5948084Z ##[endgroup]
generate-gifs	Install Python Dependencies	2026-05-09T13:42:11.5297666Z Collecting gspread>=6.0.0 (from -r requirements.txt (line 1))
generate-gifs	Install Python Dependencies	2026-05-09T13:42:11.6276439Z   Downloading gspread-6.2.1-py3-none-any.whl.metadata (11 kB)
generate-gifs	Install Python Dependencies	2026-05-09T13:42:11.6598196Z Collecting gspread-formatting>=1.1.2 (from -r requirements.txt (line 2))
generate-gifs	Install Python Dependencies	2026-05-09T13:42:11.6750557Z   Downloading gspread_formatting-1.2.1-py2.py3-none-any.whl.metadata (13 kB)
generate-gifs	Install Python Dependencies	2026-05-09T13:42:11.7483438Z Collecting google-api-python-client>=2.0.0 (from -r requirements.txt (line 3))
generate-gifs	Install Python Dependencies	2026-05-09T13:42:11.7634721Z   Downloading google_api_python_client-2.196.0-py3-none-any.whl.metadata (7.0 kB)
generate-gifs	Install Python Dependencies	2026-05-09T13:42:11.8169376Z Collecting google-auth>=2.0.0 (from -r requirements.txt (line 4))
generate-gifs	Install Python Dependencies	2026-05-09T13:42:11.8312392Z   Downloading google_auth-2.52.0-py3-none-any.whl.metadata (5.5 kB)
generate-gifs	Install Python Dependencies	2026-05-09T13:42:11.8579657Z Collecting google-auth-oauthlib>=1.0.0 (from -r requirements.txt (line 5))
generate-gifs	Install Python Dependencies	2026-05-09T13:42:11.8734817Z   Downloading google_auth_oauthlib-1.4.0-py3-none-any.whl.metadata (2.6 kB)
generate-gifs	Install Python Dependencies	2026-05-09T13:42:11.8957600Z Collecting google-auth-httplib2>=0.1.0 (from -r requirements.txt (line 6))
generate-gifs	Install Python Dependencies	2026-05-09T13:42:11.9095933Z   Downloading google_auth_httplib2-0.4.0-py3-none-any.whl.metadata (3.0 kB)
generate-gifs	Install Python Dependencies	2026-05-09T13:42:11.9417107Z Collecting httplib2<1.0.0,>=0.19.0 (from google-api-python-client>=2.0.0->-r requirements.txt (line 3))
generate-gifs	Install Python Dependencies	2026-05-09T13:42:11.9552937Z   Downloading httplib2-0.31.2-py3-none-any.whl.metadata (2.2 kB)
generate-gifs	Install Python Dependencies	2026-05-09T13:42:12.0302899Z Collecting google-api-core!=2.0.*,!=2.1.*,!=2.2.*,!=2.3.0,<3.0.0,>=1.31.5 (from google-api-python-client>=2.0.0->-r requirements.txt (line 3))
generate-gifs	Install Python Dependencies	2026-05-09T13:42:12.0440394Z   Downloading google_api_core-2.30.3-py3-none-any.whl.metadata (3.1 kB)
generate-gifs	Install Python Dependencies	2026-05-09T13:42:12.0665995Z Collecting uritemplate<5,>=3.0.1 (from google-api-python-client>=2.0.0->-r requirements.txt (line 3))
generate-gifs	Install Python Dependencies	2026-05-09T13:42:12.0802464Z   Downloading uritemplate-4.2.0-py3-none-any.whl.metadata (2.6 kB)
generate-gifs	Install Python Dependencies	2026-05-09T13:42:12.1086461Z Collecting pyasn1-modules>=0.2.1 (from google-auth>=2.0.0->-r requirements.txt (line 4))
generate-gifs	Install Python Dependencies	2026-05-09T13:42:12.1231077Z   Downloading pyasn1_modules-0.4.2-py3-none-any.whl.metadata (3.5 kB)
generate-gifs	Install Python Dependencies	2026-05-09T13:42:12.3133740Z Collecting cryptography>=38.0.3 (from google-auth>=2.0.0->-r requirements.txt (line 4))
generate-gifs	Install Python Dependencies	2026-05-09T13:42:12.3277521Z   Downloading cryptography-48.0.0-cp311-abi3-manylinux_2_34_x86_64.whl.metadata (4.3 kB)
generate-gifs	Install Python Dependencies	2026-05-09T13:42:12.3558830Z Collecting googleapis-common-protos<2.0.0,>=1.63.2 (from google-api-core!=2.0.*,!=2.1.*,!=2.2.*,!=2.3.0,<3.0.0,>=1.31.5->google-api-python-client>=2.0.0->-r requirements.txt (line 3))
generate-gifs	Install Python Dependencies	2026-05-09T13:42:12.3698068Z   Downloading googleapis_common_protos-1.75.0-py3-none-any.whl.metadata (8.6 kB)
generate-gifs	Install Python Dependencies	2026-05-09T13:42:12.5110692Z Collecting protobuf<8.0.0,>=4.25.8 (from google-api-core!=2.0.*,!=2.1.*,!=2.2.*,!=2.3.0,<3.0.0,>=1.31.5->google-api-python-client>=2.0.0->-r requirements.txt (line 3))
generate-gifs	Install Python Dependencies	2026-05-09T13:42:12.5248409Z   Downloading protobuf-7.34.1-cp310-abi3-manylinux2014_x86_64.whl.metadata (595 bytes)
generate-gifs	Install Python Dependencies	2026-05-09T13:42:12.5511203Z Collecting proto-plus<2.0.0,>=1.22.3 (from google-api-core!=2.0.*,!=2.1.*,!=2.2.*,!=2.3.0,<3.0.0,>=1.31.5->google-api-python-client>=2.0.0->-r requirements.txt (line 3))
generate-gifs	Install Python Dependencies	2026-05-09T13:42:12.5654289Z   Downloading proto_plus-1.28.0-py3-none-any.whl.metadata (2.2 kB)
generate-gifs	Install Python Dependencies	2026-05-09T13:42:12.6012564Z Collecting requests<3.0.0,>=2.20.0 (from google-api-core!=2.0.*,!=2.1.*,!=2.2.*,!=2.3.0,<3.0.0,>=1.31.5->google-api-python-client>=2.0.0->-r requirements.txt (line 3))
generate-gifs	Install Python Dependencies	2026-05-09T13:42:12.6155639Z   Downloading requests-2.33.1-py3-none-any.whl.metadata (4.8 kB)
generate-gifs	Install Python Dependencies	2026-05-09T13:42:12.6691247Z Collecting pyparsing<4,>=3.1 (from httplib2<1.0.0,>=0.19.0->google-api-python-client>=2.0.0->-r requirements.txt (line 3))
generate-gifs	Install Python Dependencies	2026-05-09T13:42:12.6829506Z   Downloading pyparsing-3.3.2-py3-none-any.whl.metadata (5.8 kB)
generate-gifs	Install Python Dependencies	2026-05-09T13:42:12.7731905Z Collecting charset_normalizer<4,>=2 (from requests<3.0.0,>=2.20.0->google-api-core!=2.0.*,!=2.1.*,!=2.2.*,!=2.3.0,<3.0.0,>=1.31.5->google-api-python-client>=2.0.0->-r requirements.txt (line 3))
generate-gifs	Install Python Dependencies	2026-05-09T13:42:12.7872529Z   Downloading charset_normalizer-3.4.7-cp311-cp311-manylinux2014_x86_64.manylinux_2_17_x86_64.manylinux_2_28_x86_64.whl.metadata (40 kB)
generate-gifs	Install Python Dependencies	2026-05-09T13:42:12.8196101Z Collecting idna<4,>=2.5 (from requests<3.0.0,>=2.20.0->google-api-core!=2.0.*,!=2.1.*,!=2.2.*,!=2.3.0,<3.0.0,>=1.31.5->google-api-python-client>=2.0.0->-r requirements.txt (line 3))
generate-gifs	Install Python Dependencies	2026-05-09T13:42:12.8334724Z   Downloading idna-3.13-py3-none-any.whl.metadata (8.0 kB)
generate-gifs	Install Python Dependencies	2026-05-09T13:42:12.8658451Z Collecting urllib3<3,>=1.26 (from requests<3.0.0,>=2.20.0->google-api-core!=2.0.*,!=2.1.*,!=2.2.*,!=2.3.0,<3.0.0,>=1.31.5->google-api-python-client>=2.0.0->-r requirements.txt (line 3))
generate-gifs	Install Python Dependencies	2026-05-09T13:42:12.8802688Z   Downloading urllib3-2.7.0-py3-none-any.whl.metadata (6.9 kB)
generate-gifs	Install Python Dependencies	2026-05-09T13:42:12.9086385Z Collecting certifi>=2023.5.7 (from requests<3.0.0,>=2.20.0->google-api-core!=2.0.*,!=2.1.*,!=2.2.*,!=2.3.0,<3.0.0,>=1.31.5->google-api-python-client>=2.0.0->-r requirements.txt (line 3))
generate-gifs	Install Python Dependencies	2026-05-09T13:42:12.9226149Z   Downloading certifi-2026.4.22-py3-none-any.whl.metadata (2.5 kB)
generate-gifs	Install Python Dependencies	2026-05-09T13:42:12.9522840Z Collecting requests-oauthlib>=0.7.0 (from google-auth-oauthlib>=1.0.0->-r requirements.txt (line 5))
generate-gifs	Install Python Dependencies	2026-05-09T13:42:12.9663221Z   Downloading requests_oauthlib-2.0.0-py2.py3-none-any.whl.metadata (11 kB)
generate-gifs	Install Python Dependencies	2026-05-09T13:42:13.0565823Z Collecting cffi>=2.0.0 (from cryptography>=38.0.3->google-auth>=2.0.0->-r requirements.txt (line 4))
generate-gifs	Install Python Dependencies	2026-05-09T13:42:13.0704852Z   Downloading cffi-2.0.0-cp311-cp311-manylinux2014_x86_64.manylinux_2_17_x86_64.whl.metadata (2.6 kB)
generate-gifs	Install Python Dependencies	2026-05-09T13:42:13.0941326Z Collecting pycparser (from cffi>=2.0.0->cryptography>=38.0.3->google-auth>=2.0.0->-r requirements.txt (line 4))
generate-gifs	Install Python Dependencies	2026-05-09T13:42:13.1086975Z   Downloading pycparser-3.0-py3-none-any.whl.metadata (8.2 kB)
generate-gifs	Install Python Dependencies	2026-05-09T13:42:13.1395633Z Collecting pyasn1<0.7.0,>=0.6.1 (from pyasn1-modules>=0.2.1->google-auth>=2.0.0->-r requirements.txt (line 4))
generate-gifs	Install Python Dependencies	2026-05-09T13:42:13.1533984Z   Downloading pyasn1-0.6.3-py3-none-any.whl.metadata (8.4 kB)
generate-gifs	Install Python Dependencies	2026-05-09T13:42:13.1777306Z Collecting oauthlib>=3.0.0 (from requests-oauthlib>=0.7.0->google-auth-oauthlib>=1.0.0->-r requirements.txt (line 5))
generate-gifs	Install Python Dependencies	2026-05-09T13:42:13.1918106Z   Downloading oauthlib-3.3.1-py3-none-any.whl.metadata (7.9 kB)
generate-gifs	Install Python Dependencies	2026-05-09T13:42:13.2128285Z Downloading gspread-6.2.1-py3-none-any.whl (59 kB)
generate-gifs	Install Python Dependencies	2026-05-09T13:42:13.2339211Z Downloading gspread_formatting-1.2.1-py2.py3-none-any.whl (22 kB)
generate-gifs	Install Python Dependencies	2026-05-09T13:42:13.2497701Z Downloading google_api_python_client-2.196.0-py3-none-any.whl (15.2 MB)
generate-gifs	Install Python Dependencies	2026-05-09T13:42:13.4251132Z    ━━━━━━━━━━━━━━━━━━━━━━━━━━━━━━━━━━━━━━━━ 15.2/15.2 MB 101.1 MB/s  0:00:00
generate-gifs	Install Python Dependencies	2026-05-09T13:42:13.4391477Z Downloading google_auth-2.52.0-py3-none-any.whl (245 kB)
generate-gifs	Install Python Dependencies	2026-05-09T13:42:13.4553307Z Downloading google_auth_httplib2-0.4.0-py3-none-any.whl (9.5 kB)
generate-gifs	Install Python Dependencies	2026-05-09T13:42:13.4712004Z Downloading google_api_core-2.30.3-py3-none-any.whl (173 kB)
generate-gifs	Install Python Dependencies	2026-05-09T13:42:13.4878789Z Downloading googleapis_common_protos-1.75.0-py3-none-any.whl (300 kB)
generate-gifs	Install Python Dependencies	2026-05-09T13:42:13.5036622Z Downloading httplib2-0.31.2-py3-none-any.whl (91 kB)
generate-gifs	Install Python Dependencies	2026-05-09T13:42:13.5192173Z Downloading proto_plus-1.28.0-py3-none-any.whl (50 kB)
generate-gifs	Install Python Dependencies	2026-05-09T13:42:13.5347197Z Downloading protobuf-7.34.1-cp310-abi3-manylinux2014_x86_64.whl (324 kB)
generate-gifs	Install Python Dependencies	2026-05-09T13:42:13.5508805Z Downloading pyparsing-3.3.2-py3-none-any.whl (122 kB)
generate-gifs	Install Python Dependencies	2026-05-09T13:42:13.5668465Z Downloading requests-2.33.1-py3-none-any.whl (64 kB)
generate-gifs	Install Python Dependencies	2026-05-09T13:42:13.5826529Z Downloading charset_normalizer-3.4.7-cp311-cp311-manylinux2014_x86_64.manylinux_2_17_x86_64.manylinux_2_28_x86_64.whl (214 kB)
generate-gifs	Install Python Dependencies	2026-05-09T13:42:13.5987094Z Downloading idna-3.13-py3-none-any.whl (68 kB)
generate-gifs	Install Python Dependencies	2026-05-09T13:42:13.6146042Z Downloading uritemplate-4.2.0-py3-none-any.whl (11 kB)
generate-gifs	Install Python Dependencies	2026-05-09T13:42:13.6300366Z Downloading urllib3-2.7.0-py3-none-any.whl (131 kB)
generate-gifs	Install Python Dependencies	2026-05-09T13:42:13.6458032Z Downloading google_auth_oauthlib-1.4.0-py3-none-any.whl (19 kB)
generate-gifs	Install Python Dependencies	2026-05-09T13:42:13.6623948Z Downloading certifi-2026.4.22-py3-none-any.whl (135 kB)
generate-gifs	Install Python Dependencies	2026-05-09T13:42:13.6785072Z Downloading cryptography-48.0.0-cp311-abi3-manylinux_2_34_x86_64.whl (4.7 MB)
generate-gifs	Install Python Dependencies	2026-05-09T13:42:13.6919527Z    ━━━━━━━━━━━━━━━━━━━━━━━━━━━━━━━━━━━━━━━━ 4.7/4.7 MB 404.7 MB/s  0:00:00
generate-gifs	Install Python Dependencies	2026-05-09T13:42:13.7062566Z Downloading cffi-2.0.0-cp311-cp311-manylinux2014_x86_64.manylinux_2_17_x86_64.whl (215 kB)
generate-gifs	Install Python Dependencies	2026-05-09T13:42:13.7224243Z Downloading pyasn1_modules-0.4.2-py3-none-any.whl (181 kB)
generate-gifs	Install Python Dependencies	2026-05-09T13:42:13.7384623Z Downloading pyasn1-0.6.3-py3-none-any.whl (83 kB)
generate-gifs	Install Python Dependencies	2026-05-09T13:42:13.7541020Z Downloading requests_oauthlib-2.0.0-py2.py3-none-any.whl (24 kB)
generate-gifs	Install Python Dependencies	2026-05-09T13:42:13.7698442Z Downloading oauthlib-3.3.1-py3-none-any.whl (160 kB)
generate-gifs	Install Python Dependencies	2026-05-09T13:42:13.7854678Z Downloading pycparser-3.0-py3-none-any.whl (48 kB)
generate-gifs	Install Python Dependencies	2026-05-09T13:42:13.8611303Z Installing collected packages: urllib3, uritemplate, pyparsing, pycparser, pyasn1, protobuf, oauthlib, idna, charset_normalizer, certifi, requests, pyasn1-modules, proto-plus, httplib2, googleapis-common-protos, cffi, requests-oauthlib, cryptography, google-auth, google-auth-oauthlib, google-auth-httplib2, google-api-core, gspread, google-api-python-client, gspread-formatting
generate-gifs	Install Python Dependencies	2026-05-09T13:42:15.2727620Z 
generate-gifs	Install Python Dependencies	2026-05-09T13:42:15.2754202Z Successfully installed certifi-2026.4.22 cffi-2.0.0 charset_normalizer-3.4.7 cryptography-48.0.0 google-api-core-2.30.3 google-api-python-client-2.196.0 google-auth-2.52.0 google-auth-httplib2-0.4.0 google-auth-oauthlib-1.4.0 googleapis-common-protos-1.75.0 gspread-6.2.1 gspread-formatting-1.2.1 httplib2-0.31.2 idna-3.13 oauthlib-3.3.1 proto-plus-1.28.0 protobuf-7.34.1 pyasn1-0.6.3 pyasn1-modules-0.4.2 pycparser-3.0 pyparsing-3.3.2 requests-2.33.1 requests-oauthlib-2.0.0 uritemplate-4.2.0 urllib3-2.7.0
generate-gifs	Install Python Dependencies	2026-05-09T13:42:15.3980503Z 
generate-gifs	Install Python Dependencies	2026-05-09T13:42:15.3994413Z [notice] A new release of pip is available: 26.0.1 -> 26.1.1
generate-gifs	Install Python Dependencies	2026-05-09T13:42:15.3995459Z [notice] To update, run: pip install --upgrade pip
generate-gifs	Install FFmpeg	﻿2026-05-09T13:42:15.5341849Z ##[group]Run sudo apt-get update
generate-gifs	Install FFmpeg	2026-05-09T13:42:15.5342199Z ^[[36;1msudo apt-get update^[[0m
generate-gifs	Install FFmpeg	2026-05-09T13:42:15.5342515Z ^[[36;1msudo apt-get install -yq ffmpeg^[[0m
generate-gifs	Install FFmpeg	2026-05-09T13:42:15.5355987Z shell: /usr/bin/bash -e ***0***
generate-gifs	Install FFmpeg	2026-05-09T13:42:15.5356294Z env:
generate-gifs	Install FFmpeg	2026-05-09T13:42:15.5356604Z   pythonLocation: /opt/hostedtoolcache/Python/3.11.15/x64
generate-gifs	Install FFmpeg	2026-05-09T13:42:15.5357081Z   PKG_CONFIG_PATH: /opt/hostedtoolcache/Python/3.11.15/x64/lib/pkgconfig
generate-gifs	Install FFmpeg	2026-05-09T13:42:15.5357542Z   Python_ROOT_DIR: /opt/hostedtoolcache/Python/3.11.15/x64
generate-gifs	Install FFmpeg	2026-05-09T13:42:15.5357955Z   Python2_ROOT_DIR: /opt/hostedtoolcache/Python/3.11.15/x64
generate-gifs	Install FFmpeg	2026-05-09T13:42:15.5358366Z   Python3_ROOT_DIR: /opt/hostedtoolcache/Python/3.11.15/x64
generate-gifs	Install FFmpeg	2026-05-09T13:42:15.5358785Z   LD_LIBRARY_PATH: /opt/hostedtoolcache/Python/3.11.15/x64/lib
generate-gifs	Install FFmpeg	2026-05-09T13:42:15.5359136Z ##[endgroup]
generate-gifs	Install FFmpeg	2026-05-09T13:42:15.6372545Z Get:1 file:/etc/apt/apt-mirrors.txt Mirrorlist [144 B]
generate-gifs	Install FFmpeg	2026-05-09T13:42:15.7124576Z Hit:2 http://azure.archive.ubuntu.com/ubuntu noble InRelease
generate-gifs	Install FFmpeg	2026-05-09T13:42:15.7192446Z Get:6 https://packages.microsoft.com/repos/azure-cli noble InRelease [3564 B]
generate-gifs	Install FFmpeg	2026-05-09T13:42:15.7232549Z Get:7 https://packages.microsoft.com/ubuntu/24.04/prod noble InRelease [3600 B]
generate-gifs	Install FFmpeg	2026-05-09T13:42:15.7292453Z Get:3 http://azure.archive.ubuntu.com/ubuntu noble-updates InRelease [126 kB]
generate-gifs	Install FFmpeg	2026-05-09T13:42:15.7344914Z Get:4 http://azure.archive.ubuntu.com/ubuntu noble-backports InRelease [126 kB]
generate-gifs	Install FFmpeg	2026-05-09T13:42:15.7402169Z Get:5 http://azure.archive.ubuntu.com/ubuntu noble-security InRelease [126 kB]
generate-gifs	Install FFmpeg	2026-05-09T13:42:15.8009876Z Get:8 https://dl.google.com/linux/chrome-stable/deb stable InRelease [1825 B]
generate-gifs	Install FFmpeg	2026-05-09T13:42:15.8792512Z Get:9 https://packages.microsoft.com/repos/azure-cli noble/main amd64 Packages [2192 B]
generate-gifs	Install FFmpeg	2026-05-09T13:42:15.9344161Z Get:10 https://packages.microsoft.com/ubuntu/24.04/prod noble/main arm64 Packages [112 kB]
generate-gifs	Install FFmpeg	2026-05-09T13:42:15.9392545Z Get:11 https://packages.microsoft.com/ubuntu/24.04/prod noble/main amd64 Packages [139 kB]
generate-gifs	Install FFmpeg	2026-05-09T13:42:15.9422554Z Get:12 https://packages.microsoft.com/ubuntu/24.04/prod noble/main armhf Packages [11.6 kB]
generate-gifs	Install FFmpeg	2026-05-09T13:42:15.9877594Z Get:13 http://azure.archive.ubuntu.com/ubuntu noble-updates/main amd64 Packages [1969 kB]
generate-gifs	Install FFmpeg	2026-05-09T13:42:16.0012525Z Get:14 http://azure.archive.ubuntu.com/ubuntu noble-updates/main Translation-en [351 kB]
generate-gifs	Install FFmpeg	2026-05-09T13:42:16.0040321Z Get:15 http://azure.archive.ubuntu.com/ubuntu noble-updates/main amd64 Components [177 kB]
generate-gifs	Install FFmpeg	2026-05-09T13:42:16.0092637Z Get:16 http://azure.archive.ubuntu.com/ubuntu noble-updates/main amd64 c-n-f Metadata [17.1 kB]
generate-gifs	Install FFmpeg	2026-05-09T13:42:16.0150221Z Get:17 http://azure.archive.ubuntu.com/ubuntu noble-updates/universe amd64 Packages [1688 kB]
generate-gifs	Install FFmpeg	2026-05-09T13:42:16.0310226Z Get:18 http://azure.archive.ubuntu.com/ubuntu noble-updates/universe Translation-en [328 kB]
generate-gifs	Install FFmpeg	2026-05-09T13:42:16.0353369Z Get:19 http://azure.archive.ubuntu.com/ubuntu noble-updates/universe amd64 Components [387 kB]
generate-gifs	Install FFmpeg	2026-05-09T13:42:16.0442245Z Get:20 http://azure.archive.ubuntu.com/ubuntu noble-updates/universe amd64 c-n-f Metadata [34.5 kB]
generate-gifs	Install FFmpeg	2026-05-09T13:42:16.0462098Z Get:21 http://azure.archive.ubuntu.com/ubuntu noble-updates/restricted amd64 Packages [3124 kB]
generate-gifs	Install FFmpeg	2026-05-09T13:42:16.0722858Z Get:22 http://azure.archive.ubuntu.com/ubuntu noble-updates/restricted Translation-en [721 kB]
generate-gifs	Install FFmpeg	2026-05-09T13:42:16.1214292Z Get:23 http://azure.archive.ubuntu.com/ubuntu noble-updates/restricted amd64 Components [212 B]
generate-gifs	Install FFmpeg	2026-05-09T13:42:16.1246313Z Get:24 http://azure.archive.ubuntu.com/ubuntu noble-updates/restricted amd64 c-n-f Metadata [480 B]
generate-gifs	Install FFmpeg	2026-05-09T13:42:16.1295770Z Get:25 http://azure.archive.ubuntu.com/ubuntu noble-updates/multiverse amd64 Packages [44.4 kB]
generate-gifs	Install FFmpeg	2026-05-09T13:42:16.1316011Z Get:26 http://azure.archive.ubuntu.com/ubuntu noble-updates/multiverse Translation-en [10.4 kB]
generate-gifs	Install FFmpeg	2026-05-09T13:42:16.1336319Z Get:27 http://azure.archive.ubuntu.com/ubuntu noble-updates/multiverse amd64 Components [940 B]
generate-gifs	Install FFmpeg	2026-05-09T13:42:16.1337904Z Get:28 http://azure.archive.ubuntu.com/ubuntu noble-updates/multiverse amd64 c-n-f Metadata [656 B]
generate-gifs	Install FFmpeg	2026-05-09T13:42:16.1361386Z Get:29 http://azure.archive.ubuntu.com/ubuntu noble-backports/main amd64 Packages [40.6 kB]
generate-gifs	Install FFmpeg	2026-05-09T13:42:16.1368692Z Get:30 http://azure.archive.ubuntu.com/ubuntu noble-backports/main Translation-en [9172 B]
generate-gifs	Install FFmpeg	2026-05-09T13:42:16.1382085Z Get:31 http://azure.archive.ubuntu.com/ubuntu noble-backports/main amd64 Components [5744 B]
generate-gifs	Install FFmpeg	2026-05-09T13:42:16.1402214Z Get:32 http://azure.archive.ubuntu.com/ubuntu noble-backports/main amd64 c-n-f Metadata [368 B]
generate-gifs	Install FFmpeg	2026-05-09T13:42:16.1416456Z Get:33 http://azure.archive.ubuntu.com/ubuntu noble-backports/universe amd64 Packages [30.6 kB]
generate-gifs	Install FFmpeg	2026-05-09T13:42:16.1451948Z Get:34 http://azure.archive.ubuntu.com/ubuntu noble-backports/universe Translation-en [18.2 kB]
generate-gifs	Install FFmpeg	2026-05-09T13:42:16.1470319Z Get:35 http://azure.archive.ubuntu.com/ubuntu noble-backports/universe amd64 Components [10.5 kB]
generate-gifs	Install FFmpeg	2026-05-09T13:42:16.1471987Z Get:36 http://azure.archive.ubuntu.com/ubuntu noble-backports/universe amd64 c-n-f Metadata [1484 B]
generate-gifs	Install FFmpeg	2026-05-09T13:42:16.1877380Z Get:37 http://azure.archive.ubuntu.com/ubuntu noble-backports/restricted amd64 Components [212 B]
generate-gifs	Install FFmpeg	2026-05-09T13:42:16.1902650Z Get:38 http://azure.archive.ubuntu.com/ubuntu noble-backports/multiverse amd64 Packages [748 B]
generate-gifs	Install FFmpeg	2026-05-09T13:42:16.1922600Z Get:39 http://azure.archive.ubuntu.com/ubuntu noble-backports/multiverse amd64 Components [212 B]
generate-gifs	Install FFmpeg	2026-05-09T13:42:16.1924749Z Get:40 http://azure.archive.ubuntu.com/ubuntu noble-security/main amd64 Packages [1668 kB]
generate-gifs	Install FFmpeg	2026-05-09T13:42:16.2090592Z Get:54 https://dl.google.com/linux/chrome-stable/deb stable/main amd64 Packages [1210 B]
generate-gifs	Install FFmpeg	2026-05-09T13:42:16.2112636Z Get:41 http://azure.archive.ubuntu.com/ubuntu noble-security/main Translation-en [263 kB]
generate-gifs	Install FFmpeg	2026-05-09T13:42:16.2148507Z Get:42 http://azure.archive.ubuntu.com/ubuntu noble-security/main amd64 Components [21.9 kB]
generate-gifs	Install FFmpeg	2026-05-09T13:42:16.2172439Z Get:43 http://azure.archive.ubuntu.com/ubuntu noble-security/main amd64 c-n-f Metadata [11.0 kB]
generate-gifs	Install FFmpeg	2026-05-09T13:42:16.2192023Z Get:44 http://azure.archive.ubuntu.com/ubuntu noble-security/universe amd64 Packages [1186 kB]
generate-gifs	Install FFmpeg	2026-05-09T13:42:16.2272544Z Get:45 http://azure.archive.ubuntu.com/ubuntu noble-security/universe Translation-en [228 kB]
generate-gifs	Install FFmpeg	2026-05-09T13:42:16.2282949Z Get:46 http://azure.archive.ubuntu.com/ubuntu noble-security/universe amd64 Components [74.1 kB]
generate-gifs	Install FFmpeg	2026-05-09T13:42:16.2299784Z Get:47 http://azure.archive.ubuntu.com/ubuntu noble-security/universe amd64 c-n-f Metadata [23.1 kB]
generate-gifs	Install FFmpeg	2026-05-09T13:42:16.2324269Z Get:48 http://azure.archive.ubuntu.com/ubuntu noble-security/restricted amd64 Packages [2943 kB]
generate-gifs	Install FFmpeg	2026-05-09T13:42:16.2492701Z Get:49 http://azure.archive.ubuntu.com/ubuntu noble-security/restricted Translation-en [685 kB]
generate-gifs	Install FFmpeg	2026-05-09T13:42:16.2511050Z Get:50 http://azure.archive.ubuntu.com/ubuntu noble-security/restricted amd64 Components [212 B]
generate-gifs	Install FFmpeg	2026-05-09T13:42:16.2525146Z Get:51 http://azure.archive.ubuntu.com/ubuntu noble-security/multiverse amd64 Packages [28.8 kB]
generate-gifs	Install FFmpeg	2026-05-09T13:42:16.2955923Z Get:52 http://azure.archive.ubuntu.com/ubuntu noble-security/multiverse Translation-en [7428 B]
generate-gifs	Install FFmpeg	2026-05-09T13:42:16.2968979Z Get:53 http://azure.archive.ubuntu.com/ubuntu noble-security/multiverse amd64 Components [208 B]
generate-gifs	Install FFmpeg	2026-05-09T13:42:24.4896904Z Fetched 16.8 MB in 2s (7545 kB/s)
generate-gifs	Install FFmpeg	2026-05-09T13:42:25.3789797Z Reading package lists...
generate-gifs	Install FFmpeg	2026-05-09T13:42:25.4128951Z Reading package lists...
generate-gifs	Install FFmpeg	2026-05-09T13:42:25.6102160Z Building dependency tree...
generate-gifs	Install FFmpeg	2026-05-09T13:42:25.6105107Z Reading state information...
generate-gifs	Install FFmpeg	2026-05-09T13:42:25.7752295Z The following additional packages will be installed:
generate-gifs	Install FFmpeg	2026-05-09T13:42:25.7753649Z   i965-va-driver intel-media-va-driver libaacs0 libass9 libasyncns0
generate-gifs	Install FFmpeg	2026-05-09T13:42:25.7754725Z   libavc1394-0 libavcodec60 libavdevice60 libavfilter9 libavformat60
generate-gifs	Install FFmpeg	2026-05-09T13:42:25.7755810Z   libavutil58 libbdplus0 libblas3 libbluray2 libbs2b0 libcaca0
generate-gifs	Install FFmpeg	2026-05-09T13:42:25.7756950Z   libcdio-cdda2t64 libcdio-paranoia2t64 libcdio19t64 libchromaprint1 libcjson1
generate-gifs	Install FFmpeg	2026-05-09T13:42:25.7758047Z   libcodec2-1.2 libdav1d7 libdc1394-25 libdecor-0-0 libdecor-0-plugin-1-gtk
generate-gifs	Install FFmpeg	2026-05-09T13:42:25.7759651Z   libflac12t64 libflite1 libgme0 libgsm1 libhwy1t64 libiec61883-0 libigdgmm12
generate-gifs	Install FFmpeg	2026-05-09T13:42:25.7760954Z   libjack-jackd2-0 libjxl0.7 liblapack3 liblilv-0-0 libmbedcrypto7t64
generate-gifs	Install FFmpeg	2026-05-09T13:42:25.7761869Z   libmp3lame0 libmpg123-0t64 libmysofa1 libopenal-data libopenal1
generate-gifs	Install FFmpeg	2026-05-09T13:42:25.7762779Z   libopenmpt0t64 libopus0 libplacebo338 libpocketsphinx3 libpostproc57
generate-gifs	Install FFmpeg	2026-05-09T13:42:25.7763671Z   libpulse0 librav1e0 libraw1394-11 librist4 librsvg2-2 librsvg2-common
generate-gifs	Install FFmpeg	2026-05-09T13:42:25.7764562Z   librubberband2 libsamplerate0 libsdl2-2.0-0 libserd-0-0 libshine3
generate-gifs	Install FFmpeg	2026-05-09T13:42:25.7765500Z   libsndfile1 libsndio7.0 libsord-0-0 libsoxr0 libspeex1 libsphinxbase3t64
generate-gifs	Install FFmpeg	2026-05-09T13:42:25.7766483Z   libsratom-0-0 libsrt1.5-gnutls libssh-gcrypt-4 libsvtav1enc1d1
generate-gifs	Install FFmpeg	2026-05-09T13:42:25.7767488Z   libswresample4 libswscale7 libtheora0 libtwolame0 libudfread0 libunibreak5
generate-gifs	Install FFmpeg	2026-05-09T13:42:25.7768580Z   libva-drm2 libva-x11-2 libva2 libvdpau1 libvidstab1.1 libvorbisenc2 libvpl2
generate-gifs	Install FFmpeg	2026-05-09T13:42:25.7769639Z   libvpx9 libx264-164 libx265-199 libxcb-shape0 libxv1 libxvidcore4 libzimg2
generate-gifs	Install FFmpeg	2026-05-09T13:42:25.7770949Z   libzix-0-0 libzvbi-common libzvbi0t64 mesa-va-drivers mesa-vdpau-drivers
generate-gifs	Install FFmpeg	2026-05-09T13:42:25.7772325Z   ocl-icd-libopencl1 pocketsphinx-en-us va-driver-all vdpau-driver-all
generate-gifs	Install FFmpeg	2026-05-09T13:42:25.7778087Z Suggested packages:
generate-gifs	Install FFmpeg	2026-05-09T13:42:25.7778939Z   ffmpeg-doc i965-va-driver-shaders libcuda1 libnvcuvid1 libnvidia-encode1
generate-gifs	Install FFmpeg	2026-05-09T13:42:25.7779958Z   libbluray-bdj jackd2 libportaudio2 opus-tools pulseaudio libraw1394-doc
generate-gifs	Install FFmpeg	2026-05-09T13:42:25.7781210Z   librsvg2-bin serdi sndiod sordi speex opencl-icd libvdpau-va-gl1
generate-gifs	Install FFmpeg	2026-05-09T13:42:25.8271079Z The following NEW packages will be installed:
generate-gifs	Install FFmpeg	2026-05-09T13:42:25.8272538Z   ffmpeg i965-va-driver intel-media-va-driver libaacs0 libass9 libasyncns0
generate-gifs	Install FFmpeg	2026-05-09T13:42:25.8273654Z   libavc1394-0 libavcodec60 libavdevice60 libavfilter9 libavformat60
generate-gifs	Install FFmpeg	2026-05-09T13:42:25.8274628Z   libavutil58 libbdplus0 libblas3 libbluray2 libbs2b0 libcaca0
generate-gifs	Install FFmpeg	2026-05-09T13:42:25.8275586Z   libcdio-cdda2t64 libcdio-paranoia2t64 libcdio19t64 libchromaprint1 libcjson1
generate-gifs	Install FFmpeg	2026-05-09T13:42:25.8276560Z   libcodec2-1.2 libdav1d7 libdc1394-25 libdecor-0-0 libdecor-0-plugin-1-gtk
generate-gifs	Install FFmpeg	2026-05-09T13:42:25.8277676Z   libflac12t64 libflite1 libgme0 libgsm1 libhwy1t64 libiec61883-0 libigdgmm12
generate-gifs	Install FFmpeg	2026-05-09T13:42:25.8279238Z   libjack-jackd2-0 libjxl0.7 liblapack3 liblilv-0-0 libmbedcrypto7t64
generate-gifs	Install FFmpeg	2026-05-09T13:42:25.8280247Z   libmp3lame0 libmpg123-0t64 libmysofa1 libopenal-data libopenal1
generate-gifs	Install FFmpeg	2026-05-09T13:42:25.8281249Z   libopenmpt0t64 libopus0 libplacebo338 libpocketsphinx3 libpostproc57
generate-gifs	Install FFmpeg	2026-05-09T13:42:25.8282153Z   libpulse0 librav1e0 libraw1394-11 librist4 librsvg2-2 librsvg2-common
generate-gifs	Install FFmpeg	2026-05-09T13:42:25.8283131Z   librubberband2 libsamplerate0 libsdl2-2.0-0 libserd-0-0 libshine3
generate-gifs	Install FFmpeg	2026-05-09T13:42:25.8284164Z   libsndfile1 libsndio7.0 libsord-0-0 libsoxr0 libspeex1 libsphinxbase3t64
generate-gifs	Install FFmpeg	2026-05-09T13:42:25.8285035Z   libsratom-0-0 libsrt1.5-gnutls libssh-gcrypt-4 libsvtav1enc1d1
generate-gifs	Install FFmpeg	2026-05-09T13:42:25.8285952Z   libswresample4 libswscale7 libtheora0 libtwolame0 libudfread0 libunibreak5
generate-gifs	Install FFmpeg	2026-05-09T13:42:25.8287465Z   libva-drm2 libva-x11-2 libva2 libvdpau1 libvidstab1.1 libvorbisenc2 libvpl2
generate-gifs	Install FFmpeg	2026-05-09T13:42:25.8288348Z   libvpx9 libx264-164 libx265-199 libxcb-shape0 libxv1 libxvidcore4 libzimg2
generate-gifs	Install FFmpeg	2026-05-09T13:42:25.8289286Z   libzix-0-0 libzvbi-common libzvbi0t64 mesa-va-drivers mesa-vdpau-drivers
generate-gifs	Install FFmpeg	2026-05-09T13:42:25.8290692Z   ocl-icd-libopencl1 pocketsphinx-en-us va-driver-all vdpau-driver-all
generate-gifs	Install FFmpeg	2026-05-09T13:42:25.8475358Z 0 upgraded, 99 newly installed, 0 to remove and 73 not upgraded.
generate-gifs	Install FFmpeg	2026-05-09T13:42:25.8476484Z Need to get 94.1 MB of archives.
generate-gifs	Install FFmpeg	2026-05-09T13:42:25.8477484Z After this operation, 227 MB of additional disk space will be used.
generate-gifs	Install FFmpeg	2026-05-09T13:42:25.8478511Z Get:1 file:/etc/apt/apt-mirrors.txt Mirrorlist [144 B]
generate-gifs	Install FFmpeg	2026-05-09T13:42:25.9003425Z Get:2 http://azure.archive.ubuntu.com/ubuntu noble-updates/universe amd64 libva2 amd64 2.20.0-2ubuntu0.1 [66.3 kB]
generate-gifs	Install FFmpeg	2026-05-09T13:42:25.9309304Z Get:3 http://azure.archive.ubuntu.com/ubuntu noble-updates/universe amd64 libva-drm2 amd64 2.20.0-2ubuntu0.1 [7132 B]
generate-gifs	Install FFmpeg	2026-05-09T13:42:25.9602852Z Get:4 http://azure.archive.ubuntu.com/ubuntu noble-updates/universe amd64 libva-x11-2 amd64 2.20.0-2ubuntu0.1 [12.0 kB]
generate-gifs	Install FFmpeg	2026-05-09T13:42:25.9900740Z Get:5 http://azure.archive.ubuntu.com/ubuntu noble/main amd64 libvdpau1 amd64 1.5-2build1 [27.8 kB]
generate-gifs	Install FFmpeg	2026-05-09T13:42:26.0188769Z Get:6 http://azure.archive.ubuntu.com/ubuntu noble/universe amd64 libvpl2 amd64 2023.3.0-1build1 [99.8 kB]
generate-gifs	Install FFmpeg	2026-05-09T13:42:26.0496074Z Get:7 http://azure.archive.ubuntu.com/ubuntu noble/universe amd64 ocl-icd-libopencl1 amd64 2.3.2-1build1 [38.5 kB]
generate-gifs	Install FFmpeg	2026-05-09T13:42:26.0795980Z Get:8 http://azure.archive.ubuntu.com/ubuntu noble/universe amd64 libavutil58 amd64 7:6.1.1-3ubuntu5 [401 kB]
generate-gifs	Install FFmpeg	2026-05-09T13:42:26.1136509Z Get:9 http://azure.archive.ubuntu.com/ubuntu noble/universe amd64 libcodec2-1.2 amd64 1.2.0-2build1 [8998 kB]
generate-gifs	Install FFmpeg	2026-05-09T13:42:26.2981835Z Get:10 http://azure.archive.ubuntu.com/ubuntu noble/universe amd64 libdav1d7 amd64 1.4.1-1build1 [604 kB]
generate-gifs	Install FFmpeg	2026-05-09T13:42:26.3342688Z Get:11 http://azure.archive.ubuntu.com/ubuntu noble/universe amd64 libgsm1 amd64 1.0.22-1build1 [27.8 kB]
generate-gifs	Install FFmpeg	2026-05-09T13:42:26.3637272Z Get:12 http://azure.archive.ubuntu.com/ubuntu noble/universe amd64 libhwy1t64 amd64 1.0.7-8.1build1 [584 kB]
generate-gifs	Install FFmpeg	2026-05-09T13:42:26.4064570Z Get:13 http://azure.archive.ubuntu.com/ubuntu noble-updates/universe amd64 libjxl0.7 amd64 0.7.0-10.2ubuntu6.1 [1001 kB]
generate-gifs	Install FFmpeg	2026-05-09T13:42:26.4752560Z Get:14 http://azure.archive.ubuntu.com/ubuntu noble/main amd64 libmp3lame0 amd64 3.100-6build1 [142 kB]
generate-gifs	Install FFmpeg	2026-05-09T13:42:26.5051156Z Get:15 http://azure.archive.ubuntu.com/ubuntu noble/main amd64 libopus0 amd64 1.4-1build1 [208 kB]
generate-gifs	Install FFmpeg	2026-05-09T13:42:26.5378125Z Get:16 http://azure.archive.ubuntu.com/ubuntu noble/universe amd64 librav1e0 amd64 0.7.1-2 [1022 kB]
generate-gifs	Install FFmpeg	2026-05-09T13:42:26.5835098Z Get:17 http://azure.archive.ubuntu.com/ubuntu noble/main amd64 librsvg2-2 amd64 2.58.0+dfsg-1build1 [2135 kB]
generate-gifs	Install FFmpeg	2026-05-09T13:42:26.6391531Z Get:18 http://azure.archive.ubuntu.com/ubuntu noble/universe amd64 libshine3 amd64 3.1.1-2build1 [23.2 kB]
generate-gifs	Install FFmpeg	2026-05-09T13:42:26.6683975Z Get:19 http://azure.archive.ubuntu.com/ubuntu noble-updates/main amd64 libspeex1 amd64 1.2.1-2ubuntu2.24.04.1 [59.6 kB]
generate-gifs	Install FFmpeg	2026-05-09T13:42:26.7402165Z Get:20 http://azure.archive.ubuntu.com/ubuntu noble/universe amd64 libsvtav1enc1d1 amd64 1.7.0+dfsg-2build1 [2425 kB]
generate-gifs	Install FFmpeg	2026-05-09T13:42:26.7974229Z Get:21 http://azure.archive.ubuntu.com/ubuntu noble/universe amd64 libsoxr0 amd64 0.1.3-4build3 [80.0 kB]
generate-gifs	Install FFmpeg	2026-05-09T13:42:26.8287264Z Get:22 http://azure.archive.ubuntu.com/ubuntu noble/universe amd64 libswresample4 amd64 7:6.1.1-3ubuntu5 [63.8 kB]
generate-gifs	Install FFmpeg	2026-05-09T13:42:26.8592958Z Get:23 http://azure.archive.ubuntu.com/ubuntu noble/main amd64 libtheora0 amd64 1.1.1+dfsg.1-16.1build3 [211 kB]
generate-gifs	Install FFmpeg	2026-05-09T13:42:26.8916247Z Get:24 http://azure.archive.ubuntu.com/ubuntu noble/main amd64 libtwolame0 amd64 0.4.0-2build3 [52.3 kB]
generate-gifs	Install FFmpeg	2026-05-09T13:42:26.9215411Z Get:25 http://azure.archive.ubuntu.com/ubuntu noble/main amd64 libvorbisenc2 amd64 1.3.7-1build3 [80.8 kB]
generate-gifs	Install FFmpeg	2026-05-09T13:42:26.9519797Z Get:26 http://azure.archive.ubuntu.com/ubuntu noble-updates/main amd64 libvpx9 amd64 1.14.0-1ubuntu2.3 [1143 kB]
generate-gifs	Install FFmpeg	2026-05-09T13:42:26.9983869Z Get:27 http://azure.archive.ubuntu.com/ubuntu noble/universe amd64 libx264-164 amd64 2:0.164.3108+git31e19f9-1 [604 kB]
generate-gifs	Install FFmpeg	2026-05-09T13:42:27.0377117Z Get:28 http://azure.archive.ubuntu.com/ubuntu noble/universe amd64 libx265-199 amd64 3.5-2build1 [1226 kB]
generate-gifs	Install FFmpeg	2026-05-09T13:42:27.0900238Z Get:29 http://azure.archive.ubuntu.com/ubuntu noble/universe amd64 libxvidcore4 amd64 2:1.3.7-1build1 [219 kB]
generate-gifs	Install FFmpeg	2026-05-09T13:42:27.1228218Z Get:30 http://azure.archive.ubuntu.com/ubuntu noble/universe amd64 libzvbi-common all 0.2.42-2 [42.4 kB]
generate-gifs	Install FFmpeg	2026-05-09T13:42:27.1529455Z Get:31 http://azure.archive.ubuntu.com/ubuntu noble/universe amd64 libzvbi0t64 amd64 0.2.42-2 [261 kB]
generate-gifs	Install FFmpeg	2026-05-09T13:42:27.1863041Z Get:32 http://azure.archive.ubuntu.com/ubuntu noble/universe amd64 libavcodec60 amd64 7:6.1.1-3ubuntu5 [5851 kB]
generate-gifs	Install FFmpeg	2026-05-09T13:42:27.2842867Z Get:33 http://azure.archive.ubuntu.com/ubuntu noble/main amd64 libraw1394-11 amd64 2.1.2-2build3 [26.2 kB]
generate-gifs	Install FFmpeg	2026-05-09T13:42:27.3134755Z Get:34 http://azure.archive.ubuntu.com/ubuntu noble/main amd64 libavc1394-0 amd64 0.5.4-5build3 [15.4 kB]
generate-gifs	Install FFmpeg	2026-05-09T13:42:27.3427597Z Get:35 http://azure.archive.ubuntu.com/ubuntu noble/universe amd64 libunibreak5 amd64 5.1-2build1 [25.0 kB]
generate-gifs	Install FFmpeg	2026-05-09T13:42:27.3723148Z Get:36 http://azure.archive.ubuntu.com/ubuntu noble/universe amd64 libass9 amd64 1:0.17.1-2build1 [104 kB]
generate-gifs	Install FFmpeg	2026-05-09T13:42:27.4023394Z Get:37 http://azure.archive.ubuntu.com/ubuntu noble/universe amd64 libudfread0 amd64 1.1.2-1build1 [19.0 kB]
generate-gifs	Install FFmpeg	2026-05-09T13:42:27.4315963Z Get:38 http://azure.archive.ubuntu.com/ubuntu noble/universe amd64 libbluray2 amd64 1:1.3.4-1build1 [159 kB]
generate-gifs	Install FFmpeg	2026-05-09T13:42:27.5073817Z Get:39 http://azure.archive.ubuntu.com/ubuntu noble/universe amd64 libchromaprint1 amd64 1.5.1-5 [30.5 kB]
generate-gifs	Install FFmpeg	2026-05-09T13:42:27.5375160Z Get:40 http://azure.archive.ubuntu.com/ubuntu noble/universe amd64 libgme0 amd64 0.6.3-7build1 [134 kB]
generate-gifs	Install FFmpeg	2026-05-09T13:42:27.5690340Z Get:41 http://azure.archive.ubuntu.com/ubuntu noble-updates/main amd64 libmpg123-0t64 amd64 1.32.5-1ubuntu1.1 [169 kB]
generate-gifs	Install FFmpeg	2026-05-09T13:42:27.6002150Z Get:42 http://azure.archive.ubuntu.com/ubuntu noble/universe amd64 libopenmpt0t64 amd64 0.7.3-1.1build3 [647 kB]
generate-gifs	Install FFmpeg	2026-05-09T13:42:27.6377039Z Get:43 http://azure.archive.ubuntu.com/ubuntu noble/universe amd64 libcjson1 amd64 1.7.17-1 [24.8 kB]
generate-gifs	Install FFmpeg	2026-05-09T13:42:27.6667954Z Get:44 http://azure.archive.ubuntu.com/ubuntu noble/universe amd64 libmbedcrypto7t64 amd64 2.28.8-1 [209 kB]
generate-gifs	Install FFmpeg	2026-05-09T13:42:27.7409679Z Get:45 http://azure.archive.ubuntu.com/ubuntu noble/universe amd64 librist4 amd64 0.2.10+dfsg-2 [74.9 kB]
generate-gifs	Install FFmpeg	2026-05-09T13:42:27.8438453Z Get:46 http://azure.archive.ubuntu.com/ubuntu noble/universe amd64 libsrt1.5-gnutls amd64 1.5.3-1build2 [316 kB]
generate-gifs	Install FFmpeg	2026-05-09T13:42:27.9462721Z Get:47 http://azure.archive.ubuntu.com/ubuntu noble-updates/main amd64 libssh-gcrypt-4 amd64 0.10.6-2ubuntu0.4 [225 kB]
generate-gifs	Install FFmpeg	2026-05-09T13:42:27.9859135Z Get:48 http://azure.archive.ubuntu.com/ubuntu noble/universe amd64 libavformat60 amd64 7:6.1.1-3ubuntu5 [1153 kB]
generate-gifs	Install FFmpeg	2026-05-09T13:42:28.0739371Z Get:49 http://azure.archive.ubuntu.com/ubuntu noble/universe amd64 libbs2b0 amd64 3.1.0+dfsg-7build1 [10.6 kB]
generate-gifs	Install FFmpeg	2026-05-09T13:42:28.1031556Z Get:50 http://azure.archive.ubuntu.com/ubuntu noble/universe amd64 libflite1 amd64 2.2-6build3 [13.6 MB]
generate-gifs	Install FFmpeg	2026-05-09T13:42:28.3642515Z Get:51 http://azure.archive.ubuntu.com/ubuntu noble/universe amd64 libserd-0-0 amd64 0.32.2-1 [43.6 kB]
generate-gifs	Install FFmpeg	2026-05-09T13:42:28.3939598Z Get:52 http://azure.archive.ubuntu.com/ubuntu noble/universe amd64 libzix-0-0 amd64 0.4.2-2build1 [23.6 kB]
generate-gifs	Install FFmpeg	2026-05-09T13:42:28.4235112Z Get:53 http://azure.archive.ubuntu.com/ubuntu noble/universe amd64 libsord-0-0 amd64 0.16.16-2build1 [15.8 kB]
generate-gifs	Install FFmpeg	2026-05-09T13:42:28.4532029Z Get:54 http://azure.archive.ubuntu.com/ubuntu noble/universe amd64 libsratom-0-0 amd64 0.6.16-1build1 [17.3 kB]
generate-gifs	Install FFmpeg	2026-05-09T13:42:28.4831292Z Get:55 http://azure.archive.ubuntu.com/ubuntu noble/universe amd64 liblilv-0-0 amd64 0.24.22-1build1 [41.0 kB]
generate-gifs	Install FFmpeg	2026-05-09T13:42:28.5132126Z Get:56 http://azure.archive.ubuntu.com/ubuntu noble/universe amd64 libmysofa1 amd64 1.3.2+dfsg-2ubuntu2 [1158 kB]
generate-gifs	Install FFmpeg	2026-05-09T13:42:28.5519683Z Get:57 http://azure.archive.ubuntu.com/ubuntu noble/universe amd64 libplacebo338 amd64 6.338.2-2build1 [2654 kB]
generate-gifs	Install FFmpeg	2026-05-09T13:42:28.6635090Z Get:58 http://azure.archive.ubuntu.com/ubuntu noble-updates/main amd64 libblas3 amd64 3.12.0-3build1.1 [238 kB]
generate-gifs	Install FFmpeg	2026-05-09T13:42:28.6956819Z Get:59 http://azure.archive.ubuntu.com/ubuntu noble-updates/main amd64 liblapack3 amd64 3.12.0-3build1.1 [2646 kB]
generate-gifs	Install FFmpeg	2026-05-09T13:42:28.7748699Z Get:60 http://azure.archive.ubuntu.com/ubuntu noble/main amd64 libasyncns0 amd64 0.8-6build4 [11.3 kB]
generate-gifs	Install FFmpeg	2026-05-09T13:42:28.8043842Z Get:61 http://azure.archive.ubuntu.com/ubuntu noble/main amd64 libflac12t64 amd64 1.4.3+ds-2.1ubuntu2 [197 kB]
generate-gifs	Install FFmpeg	2026-05-09T13:42:28.8349348Z Get:62 http://azure.archive.ubuntu.com/ubuntu noble-updates/main amd64 libsndfile1 amd64 1.2.2-1ubuntu5.24.04.1 [209 kB]
generate-gifs	Install FFmpeg	2026-05-09T13:42:28.8661920Z Get:63 http://azure.archive.ubuntu.com/ubuntu noble-updates/main amd64 libpulse0 amd64 1:16.1+dfsg1-2ubuntu10.1 [292 kB]
generate-gifs	Install FFmpeg	2026-05-09T13:42:28.8973666Z Get:64 http://azure.archive.ubuntu.com/ubuntu noble/universe amd64 libsphinxbase3t64 amd64 0.8+5prealpha+1-17build2 [126 kB]
generate-gifs	Install FFmpeg	2026-05-09T13:42:28.9292391Z Get:65 http://azure.archive.ubuntu.com/ubuntu noble/universe amd64 libpocketsphinx3 amd64 0.8.0+real5prealpha+1-15ubuntu5 [133 kB]
generate-gifs	Install FFmpeg	2026-05-09T13:42:28.9583258Z Get:66 http://azure.archive.ubuntu.com/ubuntu noble/universe amd64 libpostproc57 amd64 7:6.1.1-3ubuntu5 [49.9 kB]
generate-gifs	Install FFmpeg	2026-05-09T13:42:28.9893444Z Get:67 http://azure.archive.ubuntu.com/ubuntu noble/main amd64 libsamplerate0 amd64 0.2.2-4build1 [1344 kB]
generate-gifs	Install FFmpeg	2026-05-09T13:42:29.0289757Z Get:68 http://azure.archive.ubuntu.com/ubuntu noble/universe amd64 librubberband2 amd64 3.3.0+dfsg-2build1 [130 kB]
generate-gifs	Install FFmpeg	2026-05-09T13:42:29.0591720Z Get:69 http://azure.archive.ubuntu.com/ubuntu noble/universe amd64 libswscale7 amd64 7:6.1.1-3ubuntu5 [193 kB]
generate-gifs	Install FFmpeg	2026-05-09T13:42:29.0908655Z Get:70 http://azure.archive.ubuntu.com/ubuntu noble/universe amd64 libvidstab1.1 amd64 1.1.0-2build1 [38.5 kB]
generate-gifs	Install FFmpeg	2026-05-09T13:42:29.1203112Z Get:71 http://azure.archive.ubuntu.com/ubuntu noble/universe amd64 libzimg2 amd64 3.0.5+ds1-1build1 [254 kB]
generate-gifs	Install FFmpeg	2026-05-09T13:42:29.1607653Z Get:72 http://azure.archive.ubuntu.com/ubuntu noble/universe amd64 libavfilter9 amd64 7:6.1.1-3ubuntu5 [4235 kB]
generate-gifs	Install FFmpeg	2026-05-09T13:42:29.2266206Z Get:73 http://azure.archive.ubuntu.com/ubuntu noble-updates/main amd64 libcaca0 amd64 0.99.beta20-4ubuntu0.1 [209 kB]
generate-gifs	Install FFmpeg	2026-05-09T13:42:29.2604508Z Get:74 http://azure.archive.ubuntu.com/ubuntu noble-updates/main amd64 libcdio19t64 amd64 2.1.0-4.1ubuntu1.2 [62.4 kB]
generate-gifs	Install FFmpeg	2026-05-09T13:42:29.2907925Z Get:75 http://azure.archive.ubuntu.com/ubuntu noble/main amd64 libcdio-cdda2t64 amd64 10.2+2.0.1-1.1build2 [16.5 kB]
generate-gifs	Install FFmpeg	2026-05-09T13:42:29.3640698Z Get:76 http://azure.archive.ubuntu.com/ubuntu noble/main amd64 libcdio-paranoia2t64 amd64 10.2+2.0.1-1.1build2 [16.6 kB]
generate-gifs	Install FFmpeg	2026-05-09T13:42:29.3937021Z Get:77 http://azure.archive.ubuntu.com/ubuntu noble/universe amd64 libdc1394-25 amd64 2.2.6-4build1 [90.1 kB]
generate-gifs	Install FFmpeg	2026-05-09T13:42:29.4242777Z Get:78 http://azure.archive.ubuntu.com/ubuntu noble/main amd64 libiec61883-0 amd64 1.2.0-6build1 [24.5 kB]
generate-gifs	Install FFmpeg	2026-05-09T13:42:29.4531453Z Get:79 http://azure.archive.ubuntu.com/ubuntu noble/main amd64 libjack-jackd2-0 amd64 1.9.21~dfsg-3ubuntu3 [289 kB]
generate-gifs	Install FFmpeg	2026-05-09T13:42:29.4845967Z Get:80 http://azure.archive.ubuntu.com/ubuntu noble/universe amd64 libopenal-data all 1:1.23.1-4build1 [161 kB]
generate-gifs	Install FFmpeg	2026-05-09T13:42:29.5148149Z Get:81 http://azure.archive.ubuntu.com/ubuntu noble/universe amd64 libsndio7.0 amd64 1.9.0-0.3build3 [29.6 kB]
generate-gifs	Install FFmpeg	2026-05-09T13:42:29.5442209Z Get:82 http://azure.archive.ubuntu.com/ubuntu noble/universe amd64 libopenal1 amd64 1:1.23.1-4build1 [540 kB]
generate-gifs	Install FFmpeg	2026-05-09T13:42:29.5780283Z Get:83 http://azure.archive.ubuntu.com/ubuntu noble/main amd64 libdecor-0-0 amd64 0.2.2-1build2 [16.5 kB]
generate-gifs	Install FFmpeg	2026-05-09T13:42:29.6075957Z Get:84 http://azure.archive.ubuntu.com/ubuntu noble-updates/main amd64 libsdl2-2.0-0 amd64 2.30.0+dfsg-1ubuntu3.1 [686 kB]
generate-gifs	Install FFmpeg	2026-05-09T13:42:29.6429581Z Get:85 http://azure.archive.ubuntu.com/ubuntu noble/main amd64 libxcb-shape0 amd64 1.15-1ubuntu2 [6100 B]
generate-gifs	Install FFmpeg	2026-05-09T13:42:29.6724026Z Get:86 http://azure.archive.ubuntu.com/ubuntu noble/main amd64 libxv1 amd64 2:1.0.11-1.1build1 [10.7 kB]
generate-gifs	Install FFmpeg	2026-05-09T13:42:29.7019341Z Get:87 http://azure.archive.ubuntu.com/ubuntu noble/universe amd64 libavdevice60 amd64 7:6.1.1-3ubuntu5 [82.3 kB]
generate-gifs	Install FFmpeg	2026-05-09T13:42:29.7339266Z Get:88 http://azure.archive.ubuntu.com/ubuntu noble/universe amd64 ffmpeg amd64 7:6.1.1-3ubuntu5 [1879 kB]
generate-gifs	Install FFmpeg	2026-05-09T13:42:29.7840615Z Get:89 http://azure.archive.ubuntu.com/ubuntu noble-updates/universe amd64 libigdgmm12 amd64 22.3.17+ds1-1ubuntu1 [145 kB]
generate-gifs	Install FFmpeg	2026-05-09T13:42:29.8145069Z Get:90 http://azure.archive.ubuntu.com/ubuntu noble-updates/universe amd64 intel-media-va-driver amd64 24.1.0+dfsg1-1ubuntu0.2 [3163 kB]
generate-gifs	Install FFmpeg	2026-05-09T13:42:29.8714560Z Get:91 http://azure.archive.ubuntu.com/ubuntu noble/universe amd64 libaacs0 amd64 0.11.1-2build1 [62.9 kB]
generate-gifs	Install FFmpeg	2026-05-09T13:42:29.9016231Z Get:92 http://azure.archive.ubuntu.com/ubuntu noble/universe amd64 libbdplus0 amd64 0.2.0-3build1 [52.2 kB]
generate-gifs	Install FFmpeg	2026-05-09T13:42:29.9314089Z Get:93 http://azure.archive.ubuntu.com/ubuntu noble/main amd64 libdecor-0-plugin-1-gtk amd64 0.2.2-1build2 [22.2 kB]
generate-gifs	Install FFmpeg	2026-05-09T13:42:29.9612889Z Get:94 http://azure.archive.ubuntu.com/ubuntu noble/main amd64 librsvg2-common amd64 2.58.0+dfsg-1build1 [11.8 kB]
generate-gifs	Install FFmpeg	2026-05-09T13:42:30.0395342Z Get:95 http://azure.archive.ubuntu.com/ubuntu noble-updates/universe amd64 mesa-va-drivers amd64 25.2.8-0ubuntu0.24.04.1 [6776 B]
generate-gifs	Install FFmpeg	2026-05-09T13:42:30.0691820Z Get:96 http://azure.archive.ubuntu.com/ubuntu noble-updates/main amd64 mesa-vdpau-drivers amd64 25.2.8-0ubuntu0.24.04.1 [23.0 kB]
generate-gifs	Install FFmpeg	2026-05-09T13:42:30.0989921Z Get:97 http://azure.archive.ubuntu.com/ubuntu noble-updates/universe amd64 i965-va-driver amd64 2.4.1+dfsg1-1ubuntu0.1 [332 kB]
generate-gifs	Install FFmpeg	2026-05-09T13:42:30.1317590Z Get:98 http://azure.archive.ubuntu.com/ubuntu noble-updates/universe amd64 va-driver-all amd64 2.20.0-2ubuntu0.1 [4946 B]
generate-gifs	Install FFmpeg	2026-05-09T13:42:30.1616128Z Get:99 http://azure.archive.ubuntu.com/ubuntu noble/main amd64 vdpau-driver-all amd64 1.5-2build1 [4414 B]
generate-gifs	Install FFmpeg	2026-05-09T13:42:30.1923112Z Get:100 http://azure.archive.ubuntu.com/ubuntu noble/universe amd64 pocketsphinx-en-us all 0.8.0+real5prealpha+1-15ubuntu5 [27.4 MB]
generate-gifs	Install FFmpeg	2026-05-09T13:42:30.7707325Z Fetched 94.1 MB in 5s (20.5 MB/s)
generate-gifs	Install FFmpeg	2026-05-09T13:42:30.7935701Z Selecting previously unselected package libva2:amd64.
generate-gifs	Install FFmpeg	2026-05-09T13:42:30.8130632Z (Reading database ... 
generate-gifs	Install FFmpeg	2026-05-09T13:42:30.8132048Z (Reading database ... 5%
generate-gifs	Install FFmpeg	2026-05-09T13:42:30.8132731Z (Reading database ... 10%
generate-gifs	Install FFmpeg	2026-05-09T13:42:30.8133332Z (Reading database ... 15%
generate-gifs	Install FFmpeg	2026-05-09T13:42:30.8133814Z (Reading database ... 20%
generate-gifs	Install FFmpeg	2026-05-09T13:42:30.8134293Z (Reading database ... 25%
generate-gifs	Install FFmpeg	2026-05-09T13:42:30.8134763Z (Reading database ... 30%
generate-gifs	Install FFmpeg	2026-05-09T13:42:30.8135289Z (Reading database ... 35%
generate-gifs	Install FFmpeg	2026-05-09T13:42:30.8135772Z (Reading database ... 40%
generate-gifs	Install FFmpeg	2026-05-09T13:42:30.8136103Z (Reading database ... 45%
generate-gifs	Install FFmpeg	2026-05-09T13:42:30.8136375Z (Reading database ... 50%
generate-gifs	Install FFmpeg	2026-05-09T13:42:30.8208873Z (Reading database ... 55%
generate-gifs	Install FFmpeg	2026-05-09T13:42:30.9452498Z (Reading database ... 60%
generate-gifs	Install FFmpeg	2026-05-09T13:42:31.0992610Z (Reading database ... 65%
generate-gifs	Install FFmpeg	2026-05-09T13:42:31.3068806Z (Reading database ... 70%
generate-gifs	Install FFmpeg	2026-05-09T13:42:31.4937068Z (Reading database ... 75%
generate-gifs	Install FFmpeg	2026-05-09T13:42:31.6993742Z (Reading database ... 80%
generate-gifs	Install FFmpeg	2026-05-09T13:42:31.8921228Z (Reading database ... 85%
generate-gifs	Install FFmpeg	2026-05-09T13:42:32.1420766Z (Reading database ... 90%
generate-gifs	Install FFmpeg	2026-05-09T13:42:32.3079899Z (Reading database ... 95%
generate-gifs	Install FFmpeg	2026-05-09T13:42:32.3080748Z (Reading database ... 100%
generate-gifs	Install FFmpeg	2026-05-09T13:42:32.3081812Z (Reading database ... 220764 files and directories currently installed.)
generate-gifs	Install FFmpeg	2026-05-09T13:42:32.3128694Z Preparing to unpack .../00-libva2_2.20.0-2ubuntu0.1_amd64.deb ...
generate-gifs	Install FFmpeg	2026-05-09T13:42:32.3158997Z Unpacking libva2:amd64 (2.20.0-2ubuntu0.1) ...
generate-gifs	Install FFmpeg	2026-05-09T13:42:32.3337735Z Selecting previously unselected package libva-drm2:amd64.
generate-gifs	Install FFmpeg	2026-05-09T13:42:32.3457750Z Preparing to unpack .../01-libva-drm2_2.20.0-2ubuntu0.1_amd64.deb ...
generate-gifs	Install FFmpeg	2026-05-09T13:42:32.3472131Z Unpacking libva-drm2:amd64 (2.20.0-2ubuntu0.1) ...
generate-gifs	Install FFmpeg	2026-05-09T13:42:32.3662911Z Selecting previously unselected package libva-x11-2:amd64.
generate-gifs	Install FFmpeg	2026-05-09T13:42:32.3745975Z Preparing to unpack .../02-libva-x11-2_2.20.0-2ubuntu0.1_amd64.deb ...
generate-gifs	Install FFmpeg	2026-05-09T13:42:32.3760705Z Unpacking libva-x11-2:amd64 (2.20.0-2ubuntu0.1) ...
generate-gifs	Install FFmpeg	2026-05-09T13:42:32.3942661Z Selecting previously unselected package libvdpau1:amd64.
generate-gifs	Install FFmpeg	2026-05-09T13:42:32.4044887Z Preparing to unpack .../03-libvdpau1_1.5-2build1_amd64.deb ...
generate-gifs	Install FFmpeg	2026-05-09T13:42:32.4058961Z Unpacking libvdpau1:amd64 (1.5-2build1) ...
generate-gifs	Install FFmpeg	2026-05-09T13:42:32.4264997Z Selecting previously unselected package libvpl2.
generate-gifs	Install FFmpeg	2026-05-09T13:42:32.4367670Z Preparing to unpack .../04-libvpl2_2023.3.0-1build1_amd64.deb ...
generate-gifs	Install FFmpeg	2026-05-09T13:42:32.4375935Z Unpacking libvpl2 (2023.3.0-1build1) ...
generate-gifs	Install FFmpeg	2026-05-09T13:42:32.4558588Z Selecting previously unselected package ocl-icd-libopencl1:amd64.
generate-gifs	Install FFmpeg	2026-05-09T13:42:32.4675946Z Preparing to unpack .../05-ocl-icd-libopencl1_2.3.2-1build1_amd64.deb ...
generate-gifs	Install FFmpeg	2026-05-09T13:42:32.4684306Z Unpacking ocl-icd-libopencl1:amd64 (2.3.2-1build1) ...
generate-gifs	Install FFmpeg	2026-05-09T13:42:32.4936563Z Selecting previously unselected package libavutil58:amd64.
generate-gifs	Install FFmpeg	2026-05-09T13:42:32.5056636Z Preparing to unpack .../06-libavutil58_7%3a6.1.1-3ubuntu5_amd64.deb ...
generate-gifs	Install FFmpeg	2026-05-09T13:42:32.5081943Z Unpacking libavutil58:amd64 (7:6.1.1-3ubuntu5) ...
generate-gifs	Install FFmpeg	2026-05-09T13:42:32.5293275Z Selecting previously unselected package libcodec2-1.2:amd64.
generate-gifs	Install FFmpeg	2026-05-09T13:42:32.5413506Z Preparing to unpack .../07-libcodec2-1.2_1.2.0-2build1_amd64.deb ...
generate-gifs	Install FFmpeg	2026-05-09T13:42:32.5424835Z Unpacking libcodec2-1.2:amd64 (1.2.0-2build1) ...
generate-gifs	Install FFmpeg	2026-05-09T13:42:32.6095050Z Selecting previously unselected package libdav1d7:amd64.
generate-gifs	Install FFmpeg	2026-05-09T13:42:32.6214973Z Preparing to unpack .../08-libdav1d7_1.4.1-1build1_amd64.deb ...
generate-gifs	Install FFmpeg	2026-05-09T13:42:32.6221480Z Unpacking libdav1d7:amd64 (1.4.1-1build1) ...
generate-gifs	Install FFmpeg	2026-05-09T13:42:32.6472078Z Selecting previously unselected package libgsm1:amd64.
generate-gifs	Install FFmpeg	2026-05-09T13:42:32.6578757Z Preparing to unpack .../09-libgsm1_1.0.22-1build1_amd64.deb ...
generate-gifs	Install FFmpeg	2026-05-09T13:42:32.6587023Z Unpacking libgsm1:amd64 (1.0.22-1build1) ...
generate-gifs	Install FFmpeg	2026-05-09T13:42:32.6754220Z Selecting previously unselected package libhwy1t64:amd64.
generate-gifs	Install FFmpeg	2026-05-09T13:42:32.6875608Z Preparing to unpack .../10-libhwy1t64_1.0.7-8.1build1_amd64.deb ...
generate-gifs	Install FFmpeg	2026-05-09T13:42:32.6881868Z Unpacking libhwy1t64:amd64 (1.0.7-8.1build1) ...
generate-gifs	Install FFmpeg	2026-05-09T13:42:32.7167222Z Selecting previously unselected package libjxl0.7:amd64.
generate-gifs	Install FFmpeg	2026-05-09T13:42:32.7287353Z Preparing to unpack .../11-libjxl0.7_0.7.0-10.2ubuntu6.1_amd64.deb ...
generate-gifs	Install FFmpeg	2026-05-09T13:42:32.7311487Z Unpacking libjxl0.7:amd64 (0.7.0-10.2ubuntu6.1) ...
generate-gifs	Install FFmpeg	2026-05-09T13:42:32.7602407Z Selecting previously unselected package libmp3lame0:amd64.
generate-gifs	Install FFmpeg	2026-05-09T13:42:32.7721445Z Preparing to unpack .../12-libmp3lame0_3.100-6build1_amd64.deb ...
generate-gifs	Install FFmpeg	2026-05-09T13:42:32.7727990Z Unpacking libmp3lame0:amd64 (3.100-6build1) ...
generate-gifs	Install FFmpeg	2026-05-09T13:42:32.7923211Z Selecting previously unselected package libopus0:amd64.
generate-gifs	Install FFmpeg	2026-05-09T13:42:32.8022832Z Preparing to unpack .../13-libopus0_1.4-1build1_amd64.deb ...
generate-gifs	Install FFmpeg	2026-05-09T13:42:32.8029892Z Unpacking libopus0:amd64 (1.4-1build1) ...
generate-gifs	Install FFmpeg	2026-05-09T13:42:32.8208063Z Selecting previously unselected package librav1e0:amd64.
generate-gifs	Install FFmpeg	2026-05-09T13:42:32.8328205Z Preparing to unpack .../14-librav1e0_0.7.1-2_amd64.deb ...
generate-gifs	Install FFmpeg	2026-05-09T13:42:32.8341308Z Unpacking librav1e0:amd64 (0.7.1-2) ...
generate-gifs	Install FFmpeg	2026-05-09T13:42:32.8619701Z Selecting previously unselected package librsvg2-2:amd64.
generate-gifs	Install FFmpeg	2026-05-09T13:42:32.8737048Z Preparing to unpack .../15-librsvg2-2_2.58.0+dfsg-1build1_amd64.deb ...
generate-gifs	Install FFmpeg	2026-05-09T13:42:32.8743537Z Unpacking librsvg2-2:amd64 (2.58.0+dfsg-1build1) ...
generate-gifs	Install FFmpeg	2026-05-09T13:42:32.9222015Z Selecting previously unselected package libshine3:amd64.
generate-gifs	Install FFmpeg	2026-05-09T13:42:32.9315455Z Preparing to unpack .../16-libshine3_3.1.1-2build1_amd64.deb ...
generate-gifs	Install FFmpeg	2026-05-09T13:42:32.9321938Z Unpacking libshine3:amd64 (3.1.1-2build1) ...
generate-gifs	Install FFmpeg	2026-05-09T13:42:32.9473983Z Selecting previously unselected package libspeex1:amd64.
generate-gifs	Install FFmpeg	2026-05-09T13:42:32.9592978Z Preparing to unpack .../17-libspeex1_1.2.1-2ubuntu2.24.04.1_amd64.deb ...
generate-gifs	Install FFmpeg	2026-05-09T13:42:32.9598795Z Unpacking libspeex1:amd64 (1.2.1-2ubuntu2.24.04.1) ...
generate-gifs	Install FFmpeg	2026-05-09T13:42:32.9783131Z Selecting previously unselected package libsvtav1enc1d1:amd64.
generate-gifs	Install FFmpeg	2026-05-09T13:42:32.9893289Z Preparing to unpack .../18-libsvtav1enc1d1_1.7.0+dfsg-2build1_amd64.deb ...
generate-gifs	Install FFmpeg	2026-05-09T13:42:32.9912729Z Unpacking libsvtav1enc1d1:amd64 (1.7.0+dfsg-2build1) ...
generate-gifs	Install FFmpeg	2026-05-09T13:42:33.0359258Z Selecting previously unselected package libsoxr0:amd64.
generate-gifs	Install FFmpeg	2026-05-09T13:42:33.0478581Z Preparing to unpack .../19-libsoxr0_0.1.3-4build3_amd64.deb ...
generate-gifs	Install FFmpeg	2026-05-09T13:42:33.0484720Z Unpacking libsoxr0:amd64 (0.1.3-4build3) ...
generate-gifs	Install FFmpeg	2026-05-09T13:42:33.0656692Z Selecting previously unselected package libswresample4:amd64.
generate-gifs	Install FFmpeg	2026-05-09T13:42:33.0781593Z Preparing to unpack .../20-libswresample4_7%3a6.1.1-3ubuntu5_amd64.deb ...
generate-gifs	Install FFmpeg	2026-05-09T13:42:33.0788802Z Unpacking libswresample4:amd64 (7:6.1.1-3ubuntu5) ...
generate-gifs	Install FFmpeg	2026-05-09T13:42:33.0982377Z Selecting previously unselected package libtheora0:amd64.
generate-gifs	Install FFmpeg	2026-05-09T13:42:33.1104436Z Preparing to unpack .../21-libtheora0_1.1.1+dfsg.1-16.1build3_amd64.deb ...
generate-gifs	Install FFmpeg	2026-05-09T13:42:33.1111571Z Unpacking libtheora0:amd64 (1.1.1+dfsg.1-16.1build3) ...
generate-gifs	Install FFmpeg	2026-05-09T13:42:33.1312179Z Selecting previously unselected package libtwolame0:amd64.
generate-gifs	Install FFmpeg	2026-05-09T13:42:33.1419517Z Preparing to unpack .../22-libtwolame0_0.4.0-2build3_amd64.deb ...
generate-gifs	Install FFmpeg	2026-05-09T13:42:33.1425424Z Unpacking libtwolame0:amd64 (0.4.0-2build3) ...
generate-gifs	Install FFmpeg	2026-05-09T13:42:33.1591652Z Selecting previously unselected package libvorbisenc2:amd64.
generate-gifs	Install FFmpeg	2026-05-09T13:42:33.1712699Z Preparing to unpack .../23-libvorbisenc2_1.3.7-1build3_amd64.deb ...
generate-gifs	Install FFmpeg	2026-05-09T13:42:33.1718741Z Unpacking libvorbisenc2:amd64 (1.3.7-1build3) ...
generate-gifs	Install FFmpeg	2026-05-09T13:42:33.1932494Z Selecting previously unselected package libvpx9:amd64.
generate-gifs	Install FFmpeg	2026-05-09T13:42:33.2041975Z Preparing to unpack .../24-libvpx9_1.14.0-1ubuntu2.3_amd64.deb ...
generate-gifs	Install FFmpeg	2026-05-09T13:42:33.2050320Z Unpacking libvpx9:amd64 (1.14.0-1ubuntu2.3) ...
generate-gifs	Install FFmpeg	2026-05-09T13:42:33.2354235Z Selecting previously unselected package libx264-164:amd64.
generate-gifs	Install FFmpeg	2026-05-09T13:42:33.2475572Z Preparing to unpack .../25-libx264-164_2%3a0.164.3108+git31e19f9-1_amd64.deb ...
generate-gifs	Install FFmpeg	2026-05-09T13:42:33.2483805Z Unpacking libx264-164:amd64 (2:0.164.3108+git31e19f9-1) ...
generate-gifs	Install FFmpeg	2026-05-09T13:42:33.2724435Z Selecting previously unselected package libx265-199:amd64.
generate-gifs	Install FFmpeg	2026-05-09T13:42:33.2844805Z Preparing to unpack .../26-libx265-199_3.5-2build1_amd64.deb ...
generate-gifs	Install FFmpeg	2026-05-09T13:42:33.2851115Z Unpacking libx265-199:amd64 (3.5-2build1) ...
generate-gifs	Install FFmpeg	2026-05-09T13:42:33.3493557Z Selecting previously unselected package libxvidcore4:amd64.
generate-gifs	Install FFmpeg	2026-05-09T13:42:33.3613696Z Preparing to unpack .../27-libxvidcore4_2%3a1.3.7-1build1_amd64.deb ...
generate-gifs	Install FFmpeg	2026-05-09T13:42:33.3619976Z Unpacking libxvidcore4:amd64 (2:1.3.7-1build1) ...
generate-gifs	Install FFmpeg	2026-05-09T13:42:33.3798966Z Selecting previously unselected package libzvbi-common.
generate-gifs	Install FFmpeg	2026-05-09T13:42:33.3918660Z Preparing to unpack .../28-libzvbi-common_0.2.42-2_all.deb ...
generate-gifs	Install FFmpeg	2026-05-09T13:42:33.3926160Z Unpacking libzvbi-common (0.2.42-2) ...
generate-gifs	Install FFmpeg	2026-05-09T13:42:33.4406704Z Selecting previously unselected package libzvbi0t64:amd64.
generate-gifs	Install FFmpeg	2026-05-09T13:42:33.4529067Z Preparing to unpack .../29-libzvbi0t64_0.2.42-2_amd64.deb ...
generate-gifs	Install FFmpeg	2026-05-09T13:42:33.4536354Z Unpacking libzvbi0t64:amd64 (0.2.42-2) ...
generate-gifs	Install FFmpeg	2026-05-09T13:42:33.4732473Z Selecting previously unselected package libavcodec60:amd64.
generate-gifs	Install FFmpeg	2026-05-09T13:42:33.4852071Z Preparing to unpack .../30-libavcodec60_7%3a6.1.1-3ubuntu5_amd64.deb ...
generate-gifs	Install FFmpeg	2026-05-09T13:42:33.4859597Z Unpacking libavcodec60:amd64 (7:6.1.1-3ubuntu5) ...
generate-gifs	Install FFmpeg	2026-05-09T13:42:33.5702693Z Selecting previously unselected package libraw1394-11:amd64.
generate-gifs	Install FFmpeg	2026-05-09T13:42:33.5827946Z Preparing to unpack .../31-libraw1394-11_2.1.2-2build3_amd64.deb ...
generate-gifs	Install FFmpeg	2026-05-09T13:42:33.5838448Z Unpacking libraw1394-11:amd64 (2.1.2-2build3) ...
generate-gifs	Install FFmpeg	2026-05-09T13:42:33.6033062Z Selecting previously unselected package libavc1394-0:amd64.
generate-gifs	Install FFmpeg	2026-05-09T13:42:33.6135723Z Preparing to unpack .../32-libavc1394-0_0.5.4-5build3_amd64.deb ...
generate-gifs	Install FFmpeg	2026-05-09T13:42:33.6144023Z Unpacking libavc1394-0:amd64 (0.5.4-5build3) ...
generate-gifs	Install FFmpeg	2026-05-09T13:42:33.6313666Z Selecting previously unselected package libunibreak5:amd64.
generate-gifs	Install FFmpeg	2026-05-09T13:42:33.6435490Z Preparing to unpack .../33-libunibreak5_5.1-2build1_amd64.deb ...
generate-gifs	Install FFmpeg	2026-05-09T13:42:33.6442904Z Unpacking libunibreak5:amd64 (5.1-2build1) ...
generate-gifs	Install FFmpeg	2026-05-09T13:42:33.6615650Z Selecting previously unselected package libass9:amd64.
generate-gifs	Install FFmpeg	2026-05-09T13:42:33.6738122Z Preparing to unpack .../34-libass9_1%3a0.17.1-2build1_amd64.deb ...
generate-gifs	Install FFmpeg	2026-05-09T13:42:33.6747294Z Unpacking libass9:amd64 (1:0.17.1-2build1) ...
generate-gifs	Install FFmpeg	2026-05-09T13:42:33.6928860Z Selecting previously unselected package libudfread0:amd64.
generate-gifs	Install FFmpeg	2026-05-09T13:42:33.7053208Z Preparing to unpack .../35-libudfread0_1.1.2-1build1_amd64.deb ...
generate-gifs	Install FFmpeg	2026-05-09T13:42:33.7061078Z Unpacking libudfread0:amd64 (1.1.2-1build1) ...
generate-gifs	Install FFmpeg	2026-05-09T13:42:33.7230440Z Selecting previously unselected package libbluray2:amd64.
generate-gifs	Install FFmpeg	2026-05-09T13:42:33.7349525Z Preparing to unpack .../36-libbluray2_1%3a1.3.4-1build1_amd64.deb ...
generate-gifs	Install FFmpeg	2026-05-09T13:42:33.7357971Z Unpacking libbluray2:amd64 (1:1.3.4-1build1) ...
generate-gifs	Install FFmpeg	2026-05-09T13:42:33.7534758Z Selecting previously unselected package libchromaprint1:amd64.
generate-gifs	Install FFmpeg	2026-05-09T13:42:33.7653701Z Preparing to unpack .../37-libchromaprint1_1.5.1-5_amd64.deb ...
generate-gifs	Install FFmpeg	2026-05-09T13:42:33.7660224Z Unpacking libchromaprint1:amd64 (1.5.1-5) ...
generate-gifs	Install FFmpeg	2026-05-09T13:42:33.7825651Z Selecting previously unselected package libgme0:amd64.
generate-gifs	Install FFmpeg	2026-05-09T13:42:33.7946695Z Preparing to unpack .../38-libgme0_0.6.3-7build1_amd64.deb ...
generate-gifs	Install FFmpeg	2026-05-09T13:42:33.7954823Z Unpacking libgme0:amd64 (0.6.3-7build1) ...
generate-gifs	Install FFmpeg	2026-05-09T13:42:33.8142035Z Selecting previously unselected package libmpg123-0t64:amd64.
generate-gifs	Install FFmpeg	2026-05-09T13:42:33.8264707Z Preparing to unpack .../39-libmpg123-0t64_1.32.5-1ubuntu1.1_amd64.deb ...
generate-gifs	Install FFmpeg	2026-05-09T13:42:33.8272131Z Unpacking libmpg123-0t64:amd64 (1.32.5-1ubuntu1.1) ...
generate-gifs	Install FFmpeg	2026-05-09T13:42:33.8458037Z Selecting previously unselected package libopenmpt0t64:amd64.
generate-gifs	Install FFmpeg	2026-05-09T13:42:33.8579698Z Preparing to unpack .../40-libopenmpt0t64_0.7.3-1.1build3_amd64.deb ...
generate-gifs	Install FFmpeg	2026-05-09T13:42:33.8587017Z Unpacking libopenmpt0t64:amd64 (0.7.3-1.1build3) ...
generate-gifs	Install FFmpeg	2026-05-09T13:42:33.8813530Z Selecting previously unselected package libcjson1:amd64.
generate-gifs	Install FFmpeg	2026-05-09T13:42:33.8931534Z Preparing to unpack .../41-libcjson1_1.7.17-1_amd64.deb ...
generate-gifs	Install FFmpeg	2026-05-09T13:42:33.8939742Z Unpacking libcjson1:amd64 (1.7.17-1) ...
generate-gifs	Install FFmpeg	2026-05-09T13:42:33.9105556Z Selecting previously unselected package libmbedcrypto7t64:amd64.
generate-gifs	Install FFmpeg	2026-05-09T13:42:33.9224967Z Preparing to unpack .../42-libmbedcrypto7t64_2.28.8-1_amd64.deb ...
generate-gifs	Install FFmpeg	2026-05-09T13:42:33.9231565Z Unpacking libmbedcrypto7t64:amd64 (2.28.8-1) ...
generate-gifs	Install FFmpeg	2026-05-09T13:42:33.9428643Z Selecting previously unselected package librist4:amd64.
generate-gifs	Install FFmpeg	2026-05-09T13:42:33.9549923Z Preparing to unpack .../43-librist4_0.2.10+dfsg-2_amd64.deb ...
generate-gifs	Install FFmpeg	2026-05-09T13:42:33.9558054Z Unpacking librist4:amd64 (0.2.10+dfsg-2) ...
generate-gifs	Install FFmpeg	2026-05-09T13:42:33.9727584Z Selecting previously unselected package libsrt1.5-gnutls:amd64.
generate-gifs	Install FFmpeg	2026-05-09T13:42:33.9850603Z Preparing to unpack .../44-libsrt1.5-gnutls_1.5.3-1build2_amd64.deb ...
generate-gifs	Install FFmpeg	2026-05-09T13:42:33.9859545Z Unpacking libsrt1.5-gnutls:amd64 (1.5.3-1build2) ...
generate-gifs	Install FFmpeg	2026-05-09T13:42:34.0072557Z Selecting previously unselected package libssh-gcrypt-4:amd64.
generate-gifs	Install FFmpeg	2026-05-09T13:42:34.0191626Z Preparing to unpack .../45-libssh-gcrypt-4_0.10.6-2ubuntu0.4_amd64.deb ...
generate-gifs	Install FFmpeg	2026-05-09T13:42:34.0202032Z Unpacking libssh-gcrypt-4:amd64 (0.10.6-2ubuntu0.4) ...
generate-gifs	Install FFmpeg	2026-05-09T13:42:34.0412282Z Selecting previously unselected package libavformat60:amd64.
generate-gifs	Install FFmpeg	2026-05-09T13:42:34.0524451Z Preparing to unpack .../46-libavformat60_7%3a6.1.1-3ubuntu5_amd64.deb ...
generate-gifs	Install FFmpeg	2026-05-09T13:42:34.0532172Z Unpacking libavformat60:amd64 (7:6.1.1-3ubuntu5) ...
generate-gifs	Install FFmpeg	2026-05-09T13:42:34.0842478Z Selecting previously unselected package libbs2b0:amd64.
generate-gifs	Install FFmpeg	2026-05-09T13:42:34.0953832Z Preparing to unpack .../47-libbs2b0_3.1.0+dfsg-7build1_amd64.deb ...
generate-gifs	Install FFmpeg	2026-05-09T13:42:34.0962237Z Unpacking libbs2b0:amd64 (3.1.0+dfsg-7build1) ...
generate-gifs	Install FFmpeg	2026-05-09T13:42:34.1165867Z Selecting previously unselected package libflite1:amd64.
generate-gifs	Install FFmpeg	2026-05-09T13:42:34.1292454Z Preparing to unpack .../48-libflite1_2.2-6build3_amd64.deb ...
generate-gifs	Install FFmpeg	2026-05-09T13:42:34.1298719Z Unpacking libflite1:amd64 (2.2-6build3) ...
generate-gifs	Install FFmpeg	2026-05-09T13:42:34.2402525Z Selecting previously unselected package libserd-0-0:amd64.
generate-gifs	Install FFmpeg	2026-05-09T13:42:34.2512834Z Preparing to unpack .../49-libserd-0-0_0.32.2-1_amd64.deb ...
generate-gifs	Install FFmpeg	2026-05-09T13:42:34.2519866Z Unpacking libserd-0-0:amd64 (0.32.2-1) ...
generate-gifs	Install FFmpeg	2026-05-09T13:42:34.2688880Z Selecting previously unselected package libzix-0-0:amd64.
generate-gifs	Install FFmpeg	2026-05-09T13:42:34.2816565Z Preparing to unpack .../50-libzix-0-0_0.4.2-2build1_amd64.deb ...
generate-gifs	Install FFmpeg	2026-05-09T13:42:34.2830206Z Unpacking libzix-0-0:amd64 (0.4.2-2build1) ...
generate-gifs	Install FFmpeg	2026-05-09T13:42:34.2996708Z Selecting previously unselected package libsord-0-0:amd64.
generate-gifs	Install FFmpeg	2026-05-09T13:42:34.3121273Z Preparing to unpack .../51-libsord-0-0_0.16.16-2build1_amd64.deb ...
generate-gifs	Install FFmpeg	2026-05-09T13:42:34.3128183Z Unpacking libsord-0-0:amd64 (0.16.16-2build1) ...
generate-gifs	Install FFmpeg	2026-05-09T13:42:34.3332284Z Selecting previously unselected package libsratom-0-0:amd64.
generate-gifs	Install FFmpeg	2026-05-09T13:42:34.3421954Z Preparing to unpack .../52-libsratom-0-0_0.6.16-1build1_amd64.deb ...
generate-gifs	Install FFmpeg	2026-05-09T13:42:34.3431741Z Unpacking libsratom-0-0:amd64 (0.6.16-1build1) ...
generate-gifs	Install FFmpeg	2026-05-09T13:42:34.3632570Z Selecting previously unselected package liblilv-0-0:amd64.
generate-gifs	Install FFmpeg	2026-05-09T13:42:34.3808400Z Preparing to unpack .../53-liblilv-0-0_0.24.22-1build1_amd64.deb ...
generate-gifs	Install FFmpeg	2026-05-09T13:42:34.3821146Z Unpacking liblilv-0-0:amd64 (0.24.22-1build1) ...
generate-gifs	Install FFmpeg	2026-05-09T13:42:34.4053246Z Selecting previously unselected package libmysofa1:amd64.
generate-gifs	Install FFmpeg	2026-05-09T13:42:34.4174304Z Preparing to unpack .../54-libmysofa1_1.3.2+dfsg-2ubuntu2_amd64.deb ...
generate-gifs	Install FFmpeg	2026-05-09T13:42:34.4180708Z Unpacking libmysofa1:amd64 (1.3.2+dfsg-2ubuntu2) ...
generate-gifs	Install FFmpeg	2026-05-09T13:42:34.4435647Z Selecting previously unselected package libplacebo338:amd64.
generate-gifs	Install FFmpeg	2026-05-09T13:42:34.4524019Z Preparing to unpack .../55-libplacebo338_6.338.2-2build1_amd64.deb ...
generate-gifs	Install FFmpeg	2026-05-09T13:42:34.4531662Z Unpacking libplacebo338:amd64 (6.338.2-2build1) ...
generate-gifs	Install FFmpeg	2026-05-09T13:42:34.5087143Z Selecting previously unselected package libblas3:amd64.
generate-gifs	Install FFmpeg	2026-05-09T13:42:34.5193505Z Preparing to unpack .../56-libblas3_3.12.0-3build1.1_amd64.deb ...
generate-gifs	Install FFmpeg	2026-05-09T13:42:34.5222992Z Unpacking libblas3:amd64 (3.12.0-3build1.1) ...
generate-gifs	Install FFmpeg	2026-05-09T13:42:34.5426428Z Selecting previously unselected package liblapack3:amd64.
generate-gifs	Install FFmpeg	2026-05-09T13:42:34.5552210Z Preparing to unpack .../57-liblapack3_3.12.0-3build1.1_amd64.deb ...
generate-gifs	Install FFmpeg	2026-05-09T13:42:34.5581692Z Unpacking liblapack3:amd64 (3.12.0-3build1.1) ...
generate-gifs	Install FFmpeg	2026-05-09T13:42:34.6077943Z Selecting previously unselected package libasyncns0:amd64.
generate-gifs	Install FFmpeg	2026-05-09T13:42:34.6204833Z Preparing to unpack .../58-libasyncns0_0.8-6build4_amd64.deb ...
generate-gifs	Install FFmpeg	2026-05-09T13:42:34.6220413Z Unpacking libasyncns0:amd64 (0.8-6build4) ...
generate-gifs	Install FFmpeg	2026-05-09T13:42:34.6384617Z Selecting previously unselected package libflac12t64:amd64.
generate-gifs	Install FFmpeg	2026-05-09T13:42:34.6507147Z Preparing to unpack .../59-libflac12t64_1.4.3+ds-2.1ubuntu2_amd64.deb ...
generate-gifs	Install FFmpeg	2026-05-09T13:42:34.6515085Z Unpacking libflac12t64:amd64 (1.4.3+ds-2.1ubuntu2) ...
generate-gifs	Install FFmpeg	2026-05-09T13:42:34.6710251Z Selecting previously unselected package libsndfile1:amd64.
generate-gifs	Install FFmpeg	2026-05-09T13:42:34.6834912Z Preparing to unpack .../60-libsndfile1_1.2.2-1ubuntu5.24.04.1_amd64.deb ...
generate-gifs	Install FFmpeg	2026-05-09T13:42:34.6843995Z Unpacking libsndfile1:amd64 (1.2.2-1ubuntu5.24.04.1) ...
generate-gifs	Install FFmpeg	2026-05-09T13:42:34.7057589Z Selecting previously unselected package libpulse0:amd64.
generate-gifs	Install FFmpeg	2026-05-09T13:42:34.7184238Z Preparing to unpack .../61-libpulse0_1%3a16.1+dfsg1-2ubuntu10.1_amd64.deb ...
generate-gifs	Install FFmpeg	2026-05-09T13:42:34.7241732Z Unpacking libpulse0:amd64 (1:16.1+dfsg1-2ubuntu10.1) ...
generate-gifs	Install FFmpeg	2026-05-09T13:42:34.7457155Z Selecting previously unselected package libsphinxbase3t64:amd64.
generate-gifs	Install FFmpeg	2026-05-09T13:42:34.7582422Z Preparing to unpack .../62-libsphinxbase3t64_0.8+5prealpha+1-17build2_amd64.deb ...
generate-gifs	Install FFmpeg	2026-05-09T13:42:34.7599832Z Unpacking libsphinxbase3t64:amd64 (0.8+5prealpha+1-17build2) ...
generate-gifs	Install FFmpeg	2026-05-09T13:42:34.7792699Z Selecting previously unselected package libpocketsphinx3:amd64.
generate-gifs	Install FFmpeg	2026-05-09T13:42:34.7900589Z Preparing to unpack .../63-libpocketsphinx3_0.8.0+real5prealpha+1-15ubuntu5_amd64.deb ...
generate-gifs	Install FFmpeg	2026-05-09T13:42:34.7908270Z Unpacking libpocketsphinx3:amd64 (0.8.0+real5prealpha+1-15ubuntu5) ...
generate-gifs	Install FFmpeg	2026-05-09T13:42:34.8092875Z Selecting previously unselected package libpostproc57:amd64.
generate-gifs	Install FFmpeg	2026-05-09T13:42:34.8218258Z Preparing to unpack .../64-libpostproc57_7%3a6.1.1-3ubuntu5_amd64.deb ...
generate-gifs	Install FFmpeg	2026-05-09T13:42:34.8233627Z Unpacking libpostproc57:amd64 (7:6.1.1-3ubuntu5) ...
generate-gifs	Install FFmpeg	2026-05-09T13:42:34.8412918Z Selecting previously unselected package libsamplerate0:amd64.
generate-gifs	Install FFmpeg	2026-05-09T13:42:34.8535742Z Preparing to unpack .../65-libsamplerate0_0.2.2-4build1_amd64.deb ...
generate-gifs	Install FFmpeg	2026-05-09T13:42:34.8543837Z Unpacking libsamplerate0:amd64 (0.2.2-4build1) ...
generate-gifs	Install FFmpeg	2026-05-09T13:42:34.8767446Z Selecting previously unselected package librubberband2:amd64.
generate-gifs	Install FFmpeg	2026-05-09T13:42:34.8890614Z Preparing to unpack .../66-librubberband2_3.3.0+dfsg-2build1_amd64.deb ...
generate-gifs	Install FFmpeg	2026-05-09T13:42:34.8898241Z Unpacking librubberband2:amd64 (3.3.0+dfsg-2build1) ...
generate-gifs	Install FFmpeg	2026-05-09T13:42:34.9079548Z Selecting previously unselected package libswscale7:amd64.
generate-gifs	Install FFmpeg	2026-05-09T13:42:34.9203546Z Preparing to unpack .../67-libswscale7_7%3a6.1.1-3ubuntu5_amd64.deb ...
generate-gifs	Install FFmpeg	2026-05-09T13:42:34.9210102Z Unpacking libswscale7:amd64 (7:6.1.1-3ubuntu5) ...
generate-gifs	Install FFmpeg	2026-05-09T13:42:34.9402051Z Selecting previously unselected package libvidstab1.1:amd64.
generate-gifs	Install FFmpeg	2026-05-09T13:42:34.9525912Z Preparing to unpack .../68-libvidstab1.1_1.1.0-2build1_amd64.deb ...
generate-gifs	Install FFmpeg	2026-05-09T13:42:34.9534624Z Unpacking libvidstab1.1:amd64 (1.1.0-2build1) ...
generate-gifs	Install FFmpeg	2026-05-09T13:42:34.9702058Z Selecting previously unselected package libzimg2:amd64.
generate-gifs	Install FFmpeg	2026-05-09T13:42:34.9826317Z Preparing to unpack .../69-libzimg2_3.0.5+ds1-1build1_amd64.deb ...
generate-gifs	Install FFmpeg	2026-05-09T13:42:34.9842198Z Unpacking libzimg2:amd64 (3.0.5+ds1-1build1) ...
generate-gifs	Install FFmpeg	2026-05-09T13:42:35.0052444Z Selecting previously unselected package libavfilter9:amd64.
generate-gifs	Install FFmpeg	2026-05-09T13:42:35.0160395Z Preparing to unpack .../70-libavfilter9_7%3a6.1.1-3ubuntu5_amd64.deb ...
generate-gifs	Install FFmpeg	2026-05-09T13:42:35.0167586Z Unpacking libavfilter9:amd64 (7:6.1.1-3ubuntu5) ...
generate-gifs	Install FFmpeg	2026-05-09T13:42:35.0854945Z Selecting previously unselected package libcaca0:amd64.
generate-gifs	Install FFmpeg	2026-05-09T13:42:35.0974298Z Preparing to unpack .../71-libcaca0_0.99.beta20-4ubuntu0.1_amd64.deb ...
generate-gifs	Install FFmpeg	2026-05-09T13:42:35.0981199Z Unpacking libcaca0:amd64 (0.99.beta20-4ubuntu0.1) ...
generate-gifs	Install FFmpeg	2026-05-09T13:42:35.1188529Z Selecting previously unselected package libcdio19t64:amd64.
generate-gifs	Install FFmpeg	2026-05-09T13:42:35.1310049Z Preparing to unpack .../72-libcdio19t64_2.1.0-4.1ubuntu1.2_amd64.deb ...
generate-gifs	Install FFmpeg	2026-05-09T13:42:35.1325217Z Unpacking libcdio19t64:amd64 (2.1.0-4.1ubuntu1.2) ...
generate-gifs	Install FFmpeg	2026-05-09T13:42:35.1522632Z Selecting previously unselected package libcdio-cdda2t64:amd64.
generate-gifs	Install FFmpeg	2026-05-09T13:42:35.1635418Z Preparing to unpack .../73-libcdio-cdda2t64_10.2+2.0.1-1.1build2_amd64.deb ...
generate-gifs	Install FFmpeg	2026-05-09T13:42:35.1642268Z Unpacking libcdio-cdda2t64:amd64 (10.2+2.0.1-1.1build2) ...
generate-gifs	Install FFmpeg	2026-05-09T13:42:35.1807906Z Selecting previously unselected package libcdio-paranoia2t64:amd64.
generate-gifs	Install FFmpeg	2026-05-09T13:42:35.1929219Z Preparing to unpack .../74-libcdio-paranoia2t64_10.2+2.0.1-1.1build2_amd64.deb ...
generate-gifs	Install FFmpeg	2026-05-09T13:42:35.1936864Z Unpacking libcdio-paranoia2t64:amd64 (10.2+2.0.1-1.1build2) ...
generate-gifs	Install FFmpeg	2026-05-09T13:42:35.2142244Z Selecting previously unselected package libdc1394-25:amd64.
generate-gifs	Install FFmpeg	2026-05-09T13:42:35.2247880Z Preparing to unpack .../75-libdc1394-25_2.2.6-4build1_amd64.deb ...
generate-gifs	Install FFmpeg	2026-05-09T13:42:35.2253909Z Unpacking libdc1394-25:amd64 (2.2.6-4build1) ...
generate-gifs	Install FFmpeg	2026-05-09T13:42:35.2433761Z Selecting previously unselected package libiec61883-0:amd64.
generate-gifs	Install FFmpeg	2026-05-09T13:42:35.2559622Z Preparing to unpack .../76-libiec61883-0_1.2.0-6build1_amd64.deb ...
generate-gifs	Install FFmpeg	2026-05-09T13:42:35.2568382Z Unpacking libiec61883-0:amd64 (1.2.0-6build1) ...
generate-gifs	Install FFmpeg	2026-05-09T13:42:35.2745658Z Selecting previously unselected package libjack-jackd2-0:amd64.
generate-gifs	Install FFmpeg	2026-05-09T13:42:35.2872148Z Preparing to unpack .../77-libjack-jackd2-0_1.9.21~dfsg-3ubuntu3_amd64.deb ...
generate-gifs	Install FFmpeg	2026-05-09T13:42:35.2881684Z Unpacking libjack-jackd2-0:amd64 (1.9.21~dfsg-3ubuntu3) ...
generate-gifs	Install FFmpeg	2026-05-09T13:42:35.3095849Z Selecting previously unselected package libopenal-data.
generate-gifs	Install FFmpeg	2026-05-09T13:42:35.3221730Z Preparing to unpack .../78-libopenal-data_1%3a1.23.1-4build1_all.deb ...
generate-gifs	Install FFmpeg	2026-05-09T13:42:35.3230719Z Unpacking libopenal-data (1:1.23.1-4build1) ...
generate-gifs	Install FFmpeg	2026-05-09T13:42:35.3432398Z Selecting previously unselected package libsndio7.0:amd64.
generate-gifs	Install FFmpeg	2026-05-09T13:42:35.3557618Z Preparing to unpack .../79-libsndio7.0_1.9.0-0.3build3_amd64.deb ...
generate-gifs	Install FFmpeg	2026-05-09T13:42:35.3566752Z Unpacking libsndio7.0:amd64 (1.9.0-0.3build3) ...
generate-gifs	Install FFmpeg	2026-05-09T13:42:35.3755320Z Selecting previously unselected package libopenal1:amd64.
generate-gifs	Install FFmpeg	2026-05-09T13:42:35.3877394Z Preparing to unpack .../80-libopenal1_1%3a1.23.1-4build1_amd64.deb ...
generate-gifs	Install FFmpeg	2026-05-09T13:42:35.3884377Z Unpacking libopenal1:amd64 (1:1.23.1-4build1) ...
generate-gifs	Install FFmpeg	2026-05-09T13:42:35.4114293Z Selecting previously unselected package libdecor-0-0:amd64.
generate-gifs	Install FFmpeg	2026-05-09T13:42:35.4243972Z Preparing to unpack .../81-libdecor-0-0_0.2.2-1build2_amd64.deb ...
generate-gifs	Install FFmpeg	2026-05-09T13:42:35.4259563Z Unpacking libdecor-0-0:amd64 (0.2.2-1build2) ...
generate-gifs	Install FFmpeg	2026-05-09T13:42:35.4449707Z Selecting previously unselected package libsdl2-2.0-0:amd64.
generate-gifs	Install FFmpeg	2026-05-09T13:42:35.4575233Z Preparing to unpack .../82-libsdl2-2.0-0_2.30.0+dfsg-1ubuntu3.1_amd64.deb ...
generate-gifs	Install FFmpeg	2026-05-09T13:42:35.4590492Z Unpacking libsdl2-2.0-0:amd64 (2.30.0+dfsg-1ubuntu3.1) ...
generate-gifs	Install FFmpeg	2026-05-09T13:42:35.4962394Z Selecting previously unselected package libxcb-shape0:amd64.
generate-gifs	Install FFmpeg	2026-05-09T13:42:35.5072509Z Preparing to unpack .../83-libxcb-shape0_1.15-1ubuntu2_amd64.deb ...
generate-gifs	Install FFmpeg	2026-05-09T13:42:35.5081762Z Unpacking libxcb-shape0:amd64 (1.15-1ubuntu2) ...
generate-gifs	Install FFmpeg	2026-05-09T13:42:35.5248516Z Selecting previously unselected package libxv1:amd64.
generate-gifs	Install FFmpeg	2026-05-09T13:42:35.5370372Z Preparing to unpack .../84-libxv1_2%3a1.0.11-1.1build1_amd64.deb ...
generate-gifs	Install FFmpeg	2026-05-09T13:42:35.5385868Z Unpacking libxv1:amd64 (2:1.0.11-1.1build1) ...
generate-gifs	Install FFmpeg	2026-05-09T13:42:35.5562573Z Selecting previously unselected package libavdevice60:amd64.
generate-gifs	Install FFmpeg	2026-05-09T13:42:35.5678200Z Preparing to unpack .../85-libavdevice60_7%3a6.1.1-3ubuntu5_amd64.deb ...
generate-gifs	Install FFmpeg	2026-05-09T13:42:35.5691860Z Unpacking libavdevice60:amd64 (7:6.1.1-3ubuntu5) ...
generate-gifs	Install FFmpeg	2026-05-09T13:42:35.5870919Z Selecting previously unselected package ffmpeg.
generate-gifs	Install FFmpeg	2026-05-09T13:42:35.5991960Z Preparing to unpack .../86-ffmpeg_7%3a6.1.1-3ubuntu5_amd64.deb ...
generate-gifs	Install FFmpeg	2026-05-09T13:42:35.6001912Z Unpacking ffmpeg (7:6.1.1-3ubuntu5) ...
generate-gifs	Install FFmpeg	2026-05-09T13:42:35.6452958Z Selecting previously unselected package libigdgmm12:amd64.
generate-gifs	Install FFmpeg	2026-05-09T13:42:35.6560636Z Preparing to unpack .../87-libigdgmm12_22.3.17+ds1-1ubuntu1_amd64.deb ...
generate-gifs	Install FFmpeg	2026-05-09T13:42:35.6572272Z Unpacking libigdgmm12:amd64 (22.3.17+ds1-1ubuntu1) ...
generate-gifs	Install FFmpeg	2026-05-09T13:42:35.6813040Z Selecting previously unselected package intel-media-va-driver:amd64.
generate-gifs	Install FFmpeg	2026-05-09T13:42:35.6887865Z Preparing to unpack .../88-intel-media-va-driver_24.1.0+dfsg1-1ubuntu0.2_amd64.deb ...
generate-gifs	Install FFmpeg	2026-05-09T13:42:35.6902363Z Unpacking intel-media-va-driver:amd64 (24.1.0+dfsg1-1ubuntu0.2) ...
generate-gifs	Install FFmpeg	2026-05-09T13:42:35.7562320Z Selecting previously unselected package libaacs0:amd64.
generate-gifs	Install FFmpeg	2026-05-09T13:42:35.7665004Z Preparing to unpack .../89-libaacs0_0.11.1-2build1_amd64.deb ...
generate-gifs	Install FFmpeg	2026-05-09T13:42:35.7679027Z Unpacking libaacs0:amd64 (0.11.1-2build1) ...
generate-gifs	Install FFmpeg	2026-05-09T13:42:35.7882186Z Selecting previously unselected package libbdplus0:amd64.
generate-gifs	Install FFmpeg	2026-05-09T13:42:35.7973663Z Preparing to unpack .../90-libbdplus0_0.2.0-3build1_amd64.deb ...
generate-gifs	Install FFmpeg	2026-05-09T13:42:35.7988331Z Unpacking libbdplus0:amd64 (0.2.0-3build1) ...
generate-gifs	Install FFmpeg	2026-05-09T13:42:35.8149573Z Selecting previously unselected package libdecor-0-plugin-1-gtk:amd64.
generate-gifs	Install FFmpeg	2026-05-09T13:42:35.8271977Z Preparing to unpack .../91-libdecor-0-plugin-1-gtk_0.2.2-1build2_amd64.deb ...
generate-gifs	Install FFmpeg	2026-05-09T13:42:35.8287606Z Unpacking libdecor-0-plugin-1-gtk:amd64 (0.2.2-1build2) ...
generate-gifs	Install FFmpeg	2026-05-09T13:42:35.8443367Z Selecting previously unselected package librsvg2-common:amd64.
generate-gifs	Install FFmpeg	2026-05-09T13:42:35.8562192Z Preparing to unpack .../92-librsvg2-common_2.58.0+dfsg-1build1_amd64.deb ...
generate-gifs	Install FFmpeg	2026-05-09T13:42:35.8570552Z Unpacking librsvg2-common:amd64 (2.58.0+dfsg-1build1) ...
generate-gifs	Install FFmpeg	2026-05-09T13:42:35.8745293Z Selecting previously unselected package mesa-va-drivers:amd64.
generate-gifs	Install FFmpeg	2026-05-09T13:42:35.8863480Z Preparing to unpack .../93-mesa-va-drivers_25.2.8-0ubuntu0.24.04.1_amd64.deb ...
generate-gifs	Install FFmpeg	2026-05-09T13:42:35.8872053Z Unpacking mesa-va-drivers:amd64 (25.2.8-0ubuntu0.24.04.1) ...
generate-gifs	Install FFmpeg	2026-05-09T13:42:35.9032851Z Selecting previously unselected package mesa-vdpau-drivers:amd64.
generate-gifs	Install FFmpeg	2026-05-09T13:42:35.9148442Z Preparing to unpack .../94-mesa-vdpau-drivers_25.2.8-0ubuntu0.24.04.1_amd64.deb ...
generate-gifs	Install FFmpeg	2026-05-09T13:42:35.9155256Z Unpacking mesa-vdpau-drivers:amd64 (25.2.8-0ubuntu0.24.04.1) ...
generate-gifs	Install FFmpeg	2026-05-09T13:42:35.9326536Z Selecting previously unselected package i965-va-driver:amd64.
generate-gifs	Install FFmpeg	2026-05-09T13:42:35.9451729Z Preparing to unpack .../95-i965-va-driver_2.4.1+dfsg1-1ubuntu0.1_amd64.deb ...
generate-gifs	Install FFmpeg	2026-05-09T13:42:35.9458402Z Unpacking i965-va-driver:amd64 (2.4.1+dfsg1-1ubuntu0.1) ...
generate-gifs	Install FFmpeg	2026-05-09T13:42:35.9677123Z Selecting previously unselected package va-driver-all:amd64.
generate-gifs	Install FFmpeg	2026-05-09T13:42:35.9796319Z Preparing to unpack .../96-va-driver-all_2.20.0-2ubuntu0.1_amd64.deb ...
generate-gifs	Install FFmpeg	2026-05-09T13:42:35.9804413Z Unpacking va-driver-all:amd64 (2.20.0-2ubuntu0.1) ...
generate-gifs	Install FFmpeg	2026-05-09T13:42:35.9960264Z Selecting previously unselected package vdpau-driver-all:amd64.
generate-gifs	Install FFmpeg	2026-05-09T13:42:36.0083137Z Preparing to unpack .../97-vdpau-driver-all_1.5-2build1_amd64.deb ...
generate-gifs	Install FFmpeg	2026-05-09T13:42:36.0103368Z Unpacking vdpau-driver-all:amd64 (1.5-2build1) ...
generate-gifs	Install FFmpeg	2026-05-09T13:42:36.0262245Z Selecting previously unselected package pocketsphinx-en-us.
generate-gifs	Install FFmpeg	2026-05-09T13:42:36.0373932Z Preparing to unpack .../98-pocketsphinx-en-us_0.8.0+real5prealpha+1-15ubuntu5_all.deb ...
generate-gifs	Install FFmpeg	2026-05-09T13:42:36.0378476Z Unpacking pocketsphinx-en-us (0.8.0+real5prealpha+1-15ubuntu5) ...
generate-gifs	Install FFmpeg	2026-05-09T13:42:36.2189830Z Setting up libgme0:amd64 (0.6.3-7build1) ...
generate-gifs	Install FFmpeg	2026-05-09T13:42:36.2214926Z Setting up libchromaprint1:amd64 (1.5.1-5) ...
generate-gifs	Install FFmpeg	2026-05-09T13:42:36.2234292Z Setting up libssh-gcrypt-4:amd64 (0.10.6-2ubuntu0.4) ...
generate-gifs	Install FFmpeg	2026-05-09T13:42:36.2251561Z Setting up libhwy1t64:amd64 (1.0.7-8.1build1) ...
generate-gifs	Install FFmpeg	2026-05-09T13:42:36.2269243Z Setting up libudfread0:amd64 (1.1.2-1build1) ...
generate-gifs	Install FFmpeg	2026-05-09T13:42:36.2286417Z Setting up libraw1394-11:amd64 (2.1.2-2build3) ...
generate-gifs	Install FFmpeg	2026-05-09T13:42:36.2306535Z Setting up libspeex1:amd64 (1.2.1-2ubuntu2.24.04.1) ...
generate-gifs	Install FFmpeg	2026-05-09T13:42:36.2325371Z Setting up libshine3:amd64 (3.1.1-2build1) ...
generate-gifs	Install FFmpeg	2026-05-09T13:42:36.2343461Z Setting up libcaca0:amd64 (0.99.beta20-4ubuntu0.1) ...
generate-gifs	Install FFmpeg	2026-05-09T13:42:36.2359913Z Setting up libvpl2 (2023.3.0-1build1) ...
generate-gifs	Install FFmpeg	2026-05-09T13:42:36.2375840Z Setting up libx264-164:amd64 (2:0.164.3108+git31e19f9-1) ...
generate-gifs	Install FFmpeg	2026-05-09T13:42:36.2390954Z Setting up libtwolame0:amd64 (0.4.0-2build3) ...
generate-gifs	Install FFmpeg	2026-05-09T13:42:36.2407549Z Setting up libmbedcrypto7t64:amd64 (2.28.8-1) ...
generate-gifs	Install FFmpeg	2026-05-09T13:42:36.2422612Z Setting up libgsm1:amd64 (1.0.22-1build1) ...
generate-gifs	Install FFmpeg	2026-05-09T13:42:36.2438878Z Setting up libsoxr0:amd64 (0.1.3-4build3) ...
generate-gifs	Install FFmpeg	2026-05-09T13:42:36.2455023Z Setting up libzix-0-0:amd64 (0.4.2-2build1) ...
generate-gifs	Install FFmpeg	2026-05-09T13:42:36.2476311Z Setting up libcodec2-1.2:amd64 (1.2.0-2build1) ...
generate-gifs	Install FFmpeg	2026-05-09T13:42:36.2492078Z Setting up libmysofa1:amd64 (1.3.2+dfsg-2ubuntu2) ...
generate-gifs	Install FFmpeg	2026-05-09T13:42:36.2508091Z Setting up libxcb-shape0:amd64 (1.15-1ubuntu2) ...
generate-gifs	Install FFmpeg	2026-05-09T13:42:36.2525971Z Setting up libcdio19t64:amd64 (2.1.0-4.1ubuntu1.2) ...
generate-gifs	Install FFmpeg	2026-05-09T13:42:36.2542306Z Setting up libsvtav1enc1d1:amd64 (1.7.0+dfsg-2build1) ...
generate-gifs	Install FFmpeg	2026-05-09T13:42:36.2559041Z Setting up libigdgmm12:amd64 (22.3.17+ds1-1ubuntu1) ...
generate-gifs	Install FFmpeg	2026-05-09T13:42:36.2582864Z Setting up libmpg123-0t64:amd64 (1.32.5-1ubuntu1.1) ...
generate-gifs	Install FFmpeg	2026-05-09T13:42:36.2599560Z Setting up libcjson1:amd64 (1.7.17-1) ...
generate-gifs	Install FFmpeg	2026-05-09T13:42:36.2617694Z Setting up libxvidcore4:amd64 (2:1.3.7-1build1) ...
generate-gifs	Install FFmpeg	2026-05-09T13:42:36.2636859Z Setting up librav1e0:amd64 (0.7.1-2) ...
generate-gifs	Install FFmpeg	2026-05-09T13:42:36.2654108Z Setting up libcdio-cdda2t64:amd64 (10.2+2.0.1-1.1build2) ...
generate-gifs	Install FFmpeg	2026-05-09T13:42:36.2669630Z Setting up librist4:amd64 (0.2.10+dfsg-2) ...
generate-gifs	Install FFmpeg	2026-05-09T13:42:36.2696723Z Setting up librsvg2-2:amd64 (2.58.0+dfsg-1build1) ...
generate-gifs	Install FFmpeg	2026-05-09T13:42:36.2711960Z Setting up libblas3:amd64 (3.12.0-3build1.1) ...
generate-gifs	Install FFmpeg	2026-05-09T13:42:36.2761448Z update-alternatives: using /usr/lib/x86_64-linux-gnu/blas/libblas.so.3 to provide /usr/lib/x86_64-linux-gnu/libblas.so.3 (libblas.so.3-x86_64-linux-gnu) in auto mode
generate-gifs	Install FFmpeg	2026-05-09T13:42:36.2780214Z Setting up libplacebo338:amd64 (6.338.2-2build1) ...
generate-gifs	Install FFmpeg	2026-05-09T13:42:36.2797642Z Setting up libva2:amd64 (2.20.0-2ubuntu0.1) ...
generate-gifs	Install FFmpeg	2026-05-09T13:42:36.2816993Z Setting up libopus0:amd64 (1.4-1build1) ...
generate-gifs	Install FFmpeg	2026-05-09T13:42:36.2933151Z Setting up libcdio-paranoia2t64:amd64 (10.2+2.0.1-1.1build2) ...
generate-gifs	Install FFmpeg	2026-05-09T13:42:36.2948448Z Setting up libdc1394-25:amd64 (2.2.6-4build1) ...
generate-gifs	Install FFmpeg	2026-05-09T13:42:36.2964835Z Setting up intel-media-va-driver:amd64 (24.1.0+dfsg1-1ubuntu0.2) ...
generate-gifs	Install FFmpeg	2026-05-09T13:42:36.2984087Z Setting up libxv1:amd64 (2:1.0.11-1.1build1) ...
generate-gifs	Install FFmpeg	2026-05-09T13:42:36.2999700Z Setting up libunibreak5:amd64 (5.1-2build1) ...
generate-gifs	Install FFmpeg	2026-05-09T13:42:36.3015197Z Setting up libaacs0:amd64 (0.11.1-2build1) ...
generate-gifs	Install FFmpeg	2026-05-09T13:42:36.3032675Z Setting up libjxl0.7:amd64 (0.7.0-10.2ubuntu6.1) ...
generate-gifs	Install FFmpeg	2026-05-09T13:42:36.3050241Z Setting up librsvg2-common:amd64 (2.58.0+dfsg-1build1) ...
generate-gifs	Install FFmpeg	2026-05-09T13:42:36.3202796Z Setting up pocketsphinx-en-us (0.8.0+real5prealpha+1-15ubuntu5) ...
generate-gifs	Install FFmpeg	2026-05-09T13:42:36.3220596Z Setting up libx265-199:amd64 (3.5-2build1) ...
generate-gifs	Install FFmpeg	2026-05-09T13:42:36.3238025Z Setting up libsndio7.0:amd64 (1.9.0-0.3build3) ...
generate-gifs	Install FFmpeg	2026-05-09T13:42:36.3257654Z Setting up libbdplus0:amd64 (0.2.0-3build1) ...
generate-gifs	Install FFmpeg	2026-05-09T13:42:36.3275196Z Setting up libvidstab1.1:amd64 (1.1.0-2build1) ...
generate-gifs	Install FFmpeg	2026-05-09T13:42:36.3291237Z Setting up libvpx9:amd64 (1.14.0-1ubuntu2.3) ...
generate-gifs	Install FFmpeg	2026-05-09T13:42:36.3309101Z Setting up libsrt1.5-gnutls:amd64 (1.5.3-1build2) ...
generate-gifs	Install FFmpeg	2026-05-09T13:42:36.3324604Z Setting up libflite1:amd64 (2.2-6build3) ...
generate-gifs	Install FFmpeg	2026-05-09T13:42:36.3342552Z Setting up libdav1d7:amd64 (1.4.1-1build1) ...
generate-gifs	Install FFmpeg	2026-05-09T13:42:36.3360303Z Setting up libva-drm2:amd64 (2.20.0-2ubuntu0.1) ...
generate-gifs	Install FFmpeg	2026-05-09T13:42:36.3377127Z Setting up ocl-icd-libopencl1:amd64 (2.3.2-1build1) ...
generate-gifs	Install FFmpeg	2026-05-09T13:42:36.3394470Z Setting up libasyncns0:amd64 (0.8-6build4) ...
generate-gifs	Install FFmpeg	2026-05-09T13:42:36.3413936Z Setting up libvdpau1:amd64 (1.5-2build1) ...
generate-gifs	Install FFmpeg	2026-05-09T13:42:36.3435241Z Setting up libbs2b0:amd64 (3.1.0+dfsg-7build1) ...
generate-gifs	Install FFmpeg	2026-05-09T13:42:36.3453596Z Setting up libtheora0:amd64 (1.1.1+dfsg.1-16.1build3) ...
generate-gifs	Install FFmpeg	2026-05-09T13:42:36.3472643Z Setting up libdecor-0-0:amd64 (0.2.2-1build2) ...
generate-gifs	Install FFmpeg	2026-05-09T13:42:36.3488874Z Setting up libzimg2:amd64 (3.0.5+ds1-1build1) ...
generate-gifs	Install FFmpeg	2026-05-09T13:42:36.3505546Z Setting up libopenal-data (1:1.23.1-4build1) ...
generate-gifs	Install FFmpeg	2026-05-09T13:42:36.3526817Z Setting up libflac12t64:amd64 (1.4.3+ds-2.1ubuntu2) ...
generate-gifs	Install FFmpeg	2026-05-09T13:42:36.3545605Z Setting up mesa-va-drivers:amd64 (25.2.8-0ubuntu0.24.04.1) ...
generate-gifs	Install FFmpeg	2026-05-09T13:42:36.3562286Z Setting up libbluray2:amd64 (1:1.3.4-1build1) ...
generate-gifs	Install FFmpeg	2026-05-09T13:42:36.3580105Z Setting up libsamplerate0:amd64 (0.2.2-4build1) ...
generate-gifs	Install FFmpeg	2026-05-09T13:42:36.3598351Z Setting up libva-x11-2:amd64 (2.20.0-2ubuntu0.1) ...
generate-gifs	Install FFmpeg	2026-05-09T13:42:36.3614823Z Setting up libdecor-0-plugin-1-gtk:amd64 (0.2.2-1build2) ...
generate-gifs	Install FFmpeg	2026-05-09T13:42:36.3630076Z Setting up libopenmpt0t64:amd64 (0.7.3-1.1build3) ...
generate-gifs	Install FFmpeg	2026-05-09T13:42:36.3648032Z Setting up libzvbi-common (0.2.42-2) ...
generate-gifs	Install FFmpeg	2026-05-09T13:42:36.3664487Z Setting up libmp3lame0:amd64 (3.100-6build1) ...
generate-gifs	Install FFmpeg	2026-05-09T13:42:36.3680512Z Setting up i965-va-driver:amd64 (2.4.1+dfsg1-1ubuntu0.1) ...
generate-gifs	Install FFmpeg	2026-05-09T13:42:36.3699913Z Setting up libvorbisenc2:amd64 (1.3.7-1build3) ...
generate-gifs	Install FFmpeg	2026-05-09T13:42:36.3715897Z Setting up libiec61883-0:amd64 (1.2.0-6build1) ...
generate-gifs	Install FFmpeg	2026-05-09T13:42:36.3739602Z Setting up libserd-0-0:amd64 (0.32.2-1) ...
generate-gifs	Install FFmpeg	2026-05-09T13:42:36.3757789Z Setting up libavc1394-0:amd64 (0.5.4-5build3) ...
generate-gifs	Install FFmpeg	2026-05-09T13:42:36.3774493Z Setting up mesa-vdpau-drivers:amd64 (25.2.8-0ubuntu0.24.04.1) ...
generate-gifs	Install FFmpeg	2026-05-09T13:42:36.3795777Z Setting up liblapack3:amd64 (3.12.0-3build1.1) ...
generate-gifs	Install FFmpeg	2026-05-09T13:42:36.3844120Z update-alternatives: using /usr/lib/x86_64-linux-gnu/lapack/liblapack.so.3 to provide /usr/lib/x86_64-linux-gnu/liblapack.so.3 (liblapack.so.3-x86_64-linux-gnu) in auto mode
generate-gifs	Install FFmpeg	2026-05-09T13:42:36.3857138Z Setting up libzvbi0t64:amd64 (0.2.42-2) ...
generate-gifs	Install FFmpeg	2026-05-09T13:42:36.3890363Z Setting up libavutil58:amd64 (7:6.1.1-3ubuntu5) ...
generate-gifs	Install FFmpeg	2026-05-09T13:42:36.3909485Z Setting up libopenal1:amd64 (1:1.23.1-4build1) ...
generate-gifs	Install FFmpeg	2026-05-09T13:42:36.3927666Z Setting up libass9:amd64 (1:0.17.1-2build1) ...
generate-gifs	Install FFmpeg	2026-05-09T13:42:36.3943531Z Setting up libswresample4:amd64 (7:6.1.1-3ubuntu5) ...
generate-gifs	Install FFmpeg	2026-05-09T13:42:36.3961226Z Setting up va-driver-all:amd64 (2.20.0-2ubuntu0.1) ...
generate-gifs	Install FFmpeg	2026-05-09T13:42:36.3977164Z Setting up libavcodec60:amd64 (7:6.1.1-3ubuntu5) ...
generate-gifs	Install FFmpeg	2026-05-09T13:42:36.3995230Z Setting up librubberband2:amd64 (3.3.0+dfsg-2build1) ...
generate-gifs	Install FFmpeg	2026-05-09T13:42:36.4089129Z Setting up libjack-jackd2-0:amd64 (1.9.21~dfsg-3ubuntu3) ...
generate-gifs	Install FFmpeg	2026-05-09T13:42:36.4108168Z Setting up vdpau-driver-all:amd64 (1.5-2build1) ...
generate-gifs	Install FFmpeg	2026-05-09T13:42:36.4125457Z Setting up libsord-0-0:amd64 (0.16.16-2build1) ...
generate-gifs	Install FFmpeg	2026-05-09T13:42:36.4141202Z Setting up libpostproc57:amd64 (7:6.1.1-3ubuntu5) ...
generate-gifs	Install FFmpeg	2026-05-09T13:42:36.4159701Z Setting up libsratom-0-0:amd64 (0.6.16-1build1) ...
generate-gifs	Install FFmpeg	2026-05-09T13:42:36.4176233Z Setting up libsndfile1:amd64 (1.2.2-1ubuntu5.24.04.1) ...
generate-gifs	Install FFmpeg	2026-05-09T13:42:36.4196762Z Setting up liblilv-0-0:amd64 (0.24.22-1build1) ...
generate-gifs	Install FFmpeg	2026-05-09T13:42:36.4213503Z Setting up libswscale7:amd64 (7:6.1.1-3ubuntu5) ...
generate-gifs	Install FFmpeg	2026-05-09T13:42:36.4230476Z Setting up libpulse0:amd64 (1:16.1+dfsg1-2ubuntu10.1) ...
generate-gifs	Install FFmpeg	2026-05-09T13:42:36.4292149Z Setting up libavformat60:amd64 (7:6.1.1-3ubuntu5) ...
generate-gifs	Install FFmpeg	2026-05-09T13:42:36.4309882Z Setting up libsphinxbase3t64:amd64 (0.8+5prealpha+1-17build2) ...
generate-gifs	Install FFmpeg	2026-05-09T13:42:36.4329108Z Setting up libsdl2-2.0-0:amd64 (2.30.0+dfsg-1ubuntu3.1) ...
generate-gifs	Install FFmpeg	2026-05-09T13:42:36.4346659Z Setting up libpocketsphinx3:amd64 (0.8.0+real5prealpha+1-15ubuntu5) ...
generate-gifs	Install FFmpeg	2026-05-09T13:42:36.4364666Z Setting up libavfilter9:amd64 (7:6.1.1-3ubuntu5) ...
generate-gifs	Install FFmpeg	2026-05-09T13:42:36.4382598Z Setting up libavdevice60:amd64 (7:6.1.1-3ubuntu5) ...
generate-gifs	Install FFmpeg	2026-05-09T13:42:36.4526033Z Setting up ffmpeg (7:6.1.1-3ubuntu5) ...
generate-gifs	Install FFmpeg	2026-05-09T13:42:36.4556139Z Processing triggers for man-db (2.12.0-4build2) ...
generate-gifs	Install FFmpeg	2026-05-09T13:42:36.4576493Z Not building database; man-db/auto-update is not 'true'.
generate-gifs	Install FFmpeg	2026-05-09T13:42:36.4590783Z Processing triggers for libgdk-pixbuf-2.0-0:amd64 (2.42.10+dfsg-3ubuntu3.3) ...
generate-gifs	Install FFmpeg	2026-05-09T13:42:36.5573769Z Processing triggers for libc-bin (2.39-0ubuntu8.7) ...
generate-gifs	Install FFmpeg	2026-05-09T13:42:37.1943822Z 
generate-gifs	Install FFmpeg	2026-05-09T13:42:37.1944503Z Running kernel seems to be up-to-date.
generate-gifs	Install FFmpeg	2026-05-09T13:42:37.1945981Z 
generate-gifs	Install FFmpeg	2026-05-09T13:42:37.1946257Z No services need to be restarted.
generate-gifs	Install FFmpeg	2026-05-09T13:42:37.1946584Z 
generate-gifs	Install FFmpeg	2026-05-09T13:42:37.1946845Z No containers need to be restarted.
generate-gifs	Install FFmpeg	2026-05-09T13:42:37.1947166Z 
generate-gifs	Install FFmpeg	2026-05-09T13:42:37.1947485Z No user sessions are running outdated binaries.
generate-gifs	Install FFmpeg	2026-05-09T13:42:37.1947896Z 
generate-gifs	Install FFmpeg	2026-05-09T13:42:37.1948403Z No VM guests are running outdated hypervisor (qemu) binaries on this host.
generate-gifs	Run Daily Batch Script	﻿2026-05-09T13:42:38.0943921Z ##[group]Run python daily_batch.py
generate-gifs	Run Daily Batch Script	2026-05-09T13:42:38.0944296Z ^[[36;1mpython daily_batch.py^[[0m
generate-gifs	Run Daily Batch Script	2026-05-09T13:42:38.0958288Z shell: /usr/bin/bash -e ***0***
generate-gifs	Run Daily Batch Script	2026-05-09T13:42:38.0958613Z env:
generate-gifs	Run Daily Batch Script	2026-05-09T13:42:38.0958933Z   pythonLocation: /opt/hostedtoolcache/Python/3.11.15/x64
generate-gifs	Run Daily Batch Script	2026-05-09T13:42:38.0959403Z   PKG_CONFIG_PATH: /opt/hostedtoolcache/Python/3.11.15/x64/lib/pkgconfig
generate-gifs	Run Daily Batch Script	2026-05-09T13:42:38.0959998Z   Python_ROOT_DIR: /opt/hostedtoolcache/Python/3.11.15/x64
generate-gifs	Run Daily Batch Script	2026-05-09T13:42:38.0960417Z   Python2_ROOT_DIR: /opt/hostedtoolcache/Python/3.11.15/x64
generate-gifs	Run Daily Batch Script	2026-05-09T13:42:38.0960993Z   Python3_ROOT_DIR: /opt/hostedtoolcache/Python/3.11.15/x64
generate-gifs	Run Daily Batch Script	2026-05-09T13:42:38.0961489Z   LD_LIBRARY_PATH: /opt/hostedtoolcache/Python/3.11.15/x64/lib
generate-gifs	Run Daily Batch Script	2026-05-09T13:42:38.0970425Z   GOOGLE_CREDENTIALS: ***
generate-gifs	Run Daily Batch Script	2026-05-09T13:42:38.0970747Z   PUPPETEER_EXECUTABLE_PATH: /usr/bin/google-chrome
generate-gifs	Run Daily Batch Script	2026-05-09T13:42:38.0971289Z ##[endgroup]
generate-gifs	Run Daily Batch Script	2026-05-09T13:42:39.2519159Z Traceback (most recent call last):
generate-gifs	Run Daily Batch Script	2026-05-09T13:42:39.2520434Z ✅ Authenticated successfully with Google Service Account.
generate-gifs	Run Daily Batch Script	2026-05-09T13:42:39.2522848Z   File "/opt/hostedtoolcache/Python/3.11.15/x64/lib/python3.11/site-packages/gspread/client.py", line 168, in open_by_key
generate-gifs	Run Daily Batch Script	2026-05-09T13:42:39.2524981Z     spreadsheet = Spreadsheet(self.http_client, ***"id": key***)
generate-gifs	Run Daily Batch Script	2026-05-09T13:42:39.2525811Z                   ^^^^^^^^^^^^^^^^^^^^^^^^^^^^^^^^^^^^^^^^^^
generate-gifs	Run Daily Batch Script	2026-05-09T13:42:39.2526975Z   File "/opt/hostedtoolcache/Python/3.11.15/x64/lib/python3.11/site-packages/gspread/spreadsheet.py", line 29, in __init__
generate-gifs	Run Daily Batch Script	2026-05-09T13:42:39.2527967Z     metadata = self.fetch_sheet_metadata()
generate-gifs	Run Daily Batch Script	2026-05-09T13:42:39.2528612Z                ^^^^^^^^^^^^^^^^^^^^^^^^^^^
generate-gifs	Run Daily Batch Script	2026-05-09T13:42:39.2529839Z   File "/opt/hostedtoolcache/Python/3.11.15/x64/lib/python3.11/site-packages/gspread_formatting/functions.py", line 175, in fetch_sheet_metadata
generate-gifs	Run Daily Batch Script	2026-05-09T13:42:39.2531304Z     r = self.client.request('get', url, params=params)
generate-gifs	Run Daily Batch Script	2026-05-09T13:42:39.2532002Z         ^^^^^^^^^^^^^^^^^^^^^^^^^^^^^^^^^^^^^^^^^^^^^^
generate-gifs	Run Daily Batch Script	2026-05-09T13:42:39.2533241Z   File "/opt/hostedtoolcache/Python/3.11.15/x64/lib/python3.11/site-packages/gspread/http_client.py", line 128, in request
generate-gifs	Run Daily Batch Script	2026-05-09T13:42:39.2534411Z     raise APIError(response)
generate-gifs	Run Daily Batch Script	2026-05-09T13:42:39.2537555Z gspread.exceptions.APIError: APIError: [403]: Google Sheets API has not been used in project 833719488001 before or it is disabled. Enable it by visiting https://console.developers.google.com/apis/api/sheets.googleapis.com/overview?project=833719488001 then retry. If you enabled this API recently, wait a few minutes for the action to propagate to our systems and retry.
generate-gifs	Run Daily Batch Script	2026-05-09T13:42:39.2541476Z 
generate-gifs	Run Daily Batch Script	2026-05-09T13:42:39.2542410Z The above exception was the direct cause of the following exception:
generate-gifs	Run Daily Batch Script	2026-05-09T13:42:39.2543338Z 
generate-gifs	Run Daily Batch Script	2026-05-09T13:42:39.2543870Z Traceback (most recent call last):
generate-gifs	Run Daily Batch Script	2026-05-09T13:42:39.2545692Z   File "/home/runner/work/hanzi-generator-actions/hanzi-generator-actions/daily_batch.py", line 39, in <module>
generate-gifs	Run Daily Batch Script	2026-05-09T13:42:39.2547563Z     spreadsheet = gc.open_by_key(SPREADSHEET_ID)
generate-gifs	Run Daily Batch Script	2026-05-09T13:42:39.2548674Z                   ^^^^^^^^^^^^^^^^^^^^^^^^^^^^^^
generate-gifs	Run Daily Batch Script	2026-05-09T13:42:39.2550732Z   File "/opt/hostedtoolcache/Python/3.11.15/x64/lib/python3.11/site-packages/gspread/client.py", line 173, in open_by_key
generate-gifs	Run Daily Batch Script	2026-05-09T13:42:39.2552695Z     raise PermissionError from ex
generate-gifs	Run Daily Batch Script	2026-05-09T13:42:39.2554947Z PermissionError
generate-gifs	Run Daily Batch Script	2026-05-09T13:42:39.3037535Z ##[error]Process completed with exit code 1.
generate-gifs	Post Checkout code	﻿2026-05-09T13:42:39.3150113Z Post job cleanup.
generate-gifs	Post Checkout code	2026-05-09T13:42:39.4072392Z [command]/usr/bin/git version
generate-gifs	Post Checkout code	2026-05-09T13:42:39.4112367Z git version 2.53.0
generate-gifs	Post Checkout code	2026-05-09T13:42:39.4158594Z Temporarily overriding HOME='/home/runner/work/_temp/18f0af39-2a8a-4492-8d5b-f4ad8e7d4c70' before making global git config changes
generate-gifs	Post Checkout code	2026-05-09T13:42:39.4161291Z Adding repository directory to the temporary git global config as a safe directory
generate-gifs	Post Checkout code	2026-05-09T13:42:39.4167725Z [command]/usr/bin/git config --global --add safe.directory /home/runner/work/hanzi-generator-actions/hanzi-generator-actions
generate-gifs	Post Checkout code	2026-05-09T13:42:39.4210510Z [command]/usr/bin/git config --local --name-only --get-regexp core\.sshCommand
generate-gifs	Post Checkout code	2026-05-09T13:42:39.4243406Z [command]/usr/bin/git submodule foreach --recursive sh -c "git config --local --name-only --get-regexp 'core\.sshCommand' && git config --local --unset-all 'core.sshCommand' || :"
generate-gifs	Post Checkout code	2026-05-09T13:42:39.4442688Z [command]/usr/bin/git config --local --name-only --get-regexp http\.https\:\/\/github\.com\/\.extraheader
generate-gifs	Post Checkout code	2026-05-09T13:42:39.4462248Z http.https://github.com/.extraheader
generate-gifs	Post Checkout code	2026-05-09T13:42:39.4476686Z [command]/usr/bin/git config --local --unset-all http.https://github.com/.extraheader
generate-gifs	Post Checkout code	2026-05-09T13:42:39.4517373Z [command]/usr/bin/git submodule foreach --recursive sh -c "git config --local --name-only --get-regexp 'http\.https\:\/\/github\.com\/\.extraheader' && git config --local --unset-all 'http.https://github.com/.extraheader' || :"
generate-gifs	Post Checkout code	2026-05-09T13:42:39.4702069Z [command]/usr/bin/git config --local --name-only --get-regexp ^includeIf\.gitdir:
generate-gifs	Post Checkout code	2026-05-09T13:42:39.4736974Z [command]/usr/bin/git submodule foreach --recursive git config --local --show-origin --name-only --get-regexp remote.origin.url
generate-gifs	Complete job	﻿2026-05-09T13:42:39.5010311Z Cleaning up orphan processes
generate-gifs	Complete job	2026-05-09T13:42:39.5225857Z ##[warning]Node.js 20 actions are deprecated. The following actions are running on Node.js 20 and may not work as expected: actions/checkout@v4, actions/setup-node@v4, actions/setup-python@v5. Actions will be forced to run with Node.js 24 by default starting June 2nd, 2026. Node.js 20 will be removed from the runner on September 16th, 2026. Please check if updated versions of these actions are available that support Node.js 24. To opt into Node.js 24 now, set the FORCE_JAVASCRIPT_ACTIONS_TO_NODE24=true environment variable on the runner or in your workflow file. Once Node.js 24 becomes the default, you can temporarily opt out by setting ACTIONS_ALLOW_USE_UNSECURE_NODE_VERSION=true. For more information see: https://github.blog/changelog/2025-09-19-deprecation-of-node-20-on-github-actions-runners/
